SA(1.0s) [g],Slight_damage,Moderate_damage,Extensive_damage,Complete_damage
0.05000000000000001,7.771561172376096e-16,0.0,0.0,0.0
0.056172467201025755,8.881784197001252e-15,3.3306690738754696e-16,0.0,0.0
0.06310692142900626,9.170442183403793e-14,3.885780586188048e-15,2.220446049250313e-16,0.0
0.07089742948257126,8.615330671091215e-13,4.1522341120980855e-14,2.220446049250313e-15,2.220446049250313e-16
0.07964967064493539,7.383649247572066e-12,4.0256686872908176e-13,2.4091839634365897e-14,2.3314683517128287e-15
0.08948237023750269,5.7760463079148394e-11,3.560707284577802e-12,2.3803181647963356e-13,2.475797344914099e-14
0.10052891014472326,4.125048080894089e-10,2.874311899603299e-11,2.1507240433038533e-12,2.4436008771999695e-13
0.11293913815718663,2.689935940658472e-09,2.118085706825923e-10,1.773725610831889e-11,2.2056800830227985e-12
0.1268814006769336,1.6019760629149005e-08,1.4250870483678568e-09,1.3353551597816704e-10,1.8171242288644862e-11
0.14254482635890514,8.715044896856483e-08,8.756071534499199e-09,9.178583448843369e-10,1.3665701903420313e-10
0.16014189166643014,4.332068603840611e-07,4.914070361738965e-08,5.761085497546503e-09,9.38313871046148e-10
0.17991130314285533,1.9681698132378855e-06,2.5196778430380817e-07,3.3027366175275574e-08,5.883222020663936e-09
0.2021212354977168,8.17562588018017e-06,1.1807108148964574e-06,1.729770808811537e-07,3.36918151155885e-08
0.2270729694325259,3.106308924061274e-05,5.058004653890613e-06,8.278802048344858e-07,1.762706007824022e-07
0.2551049785537617,0.00010800327761806283,1.981605301815126e-05,3.6219983732266314e-06,8.427546804856689e-07
0.28659752081259104,0.0003438248600421412,7.103133806674045e-05,1.4490726461313663e-05,3.6832060180680415e-06
0.3219777967548112,0.00100283413716451,0.00023307942865669062,5.303699556213903e-05,1.4720210406493628e-05
0.36172574455336326,0.0026819471812984386,0.0007005614596833354,0.000177677413157884,5.382093331651738e-05
0.4063805504338082,0.00658272587436981,0.001930165920130067,0.0005451385625767635,0.00018011743373103073
0.45654796280755766,0.014845159377205652,0.004878984514658069,0.001532878971241547,0.0005520582747496894
0.5129085093300529,0.030802187921695534,0.01132683857245309,0.003953661278387255,0.0015507588762401214
0.5762267283493882,0.05890082774849792,0.024181748195490238,0.009363105219518886,0.003995755745706542
0.6473615399712076,0.10401462778060722,0.047549206534406085,0.020384478440490073,0.009453401001599415
0.7272778974247632,0.1700574637901403,0.08627891596876003,0.04085868034341689,0.020560957241375966
0.8170598767824696,0.25821010059754856,0.14480759932511833,0.07553781011928329,0.041172948413876975
0.9179253825967483,0.3654951052475306,0.2254542267875761,0.12909537690958994,0.07604771669010968
1.0312426689380967,0.4845473081053997,0.3267747754091409,0.20451184156943447,0.129849189856709
1.1585488999444697,0.605003975661911,0.44284033858531957,0.3013407807406996,0.20552719960664756
1.3015710016583038,0.7161308973199165,0.564068678095268,0.41469523080053483,0.30258689384720183
1.4622490880091454,0.8096074140368943,0.6795202844875712,0.5356900650986729,0.41608863896689996
1.6427627787184707,0.8813009583726575,0.7797717456844604,0.6534479857287342,0.5371097170169079
1.8455607661325835,0.9314371230003772,0.8591453203942186,0.7579460854128469,0.6547658419473888
2.0733940320616497,0.9634050635593532,0.9164453687621514,0.8424975773268204,0.759060731052468
2.329353165215711,0.9819903567028518,0.9541614807361688,0.904875105447847,0.8433565676021539
2.6169102854537,0.9918421169549437,0.9767970031604146,0.9468343992420695,0.9054782512471733
2.9399661435534976,0.9966036425790736,0.9891833817526169,0.9725691616521329,0.9472202674537515
3.3029030354176987,0.9987019265323699,0.9953633564090674,0.986960551664064,0.9727940869641893
3.710644248503383,0.9995450010694144,0.998174710870328,0.9942984934466387,0.9870800110548444
4.168720846874621,0.9998538519045352,0.9993407923612422,0.997709894883344,0.9943563010406393
4.683346700825936,0.9999570115833042,0.9997817777218453,0.9991559215851348,0.9977353826702247
5.261502778863538,0.9999884272783035,0.9999338320511557,0.9997147807249022,0.9991661606900872
5.911031845476362,0.9999971500750865,0.9999816344751222,0.9999117091405815,0.9997185285084182
6.64074484928479,0.9999993582524292,0.9999953361774602,0.999974978234139,0.9999129590243648
7.4605404447366075,0.9999998679092079,0.9999989168895171,0.999993511375895,0.9999753580275312
8.381539268677866,0.9999999751558519,0.9999997700507954,0.9999984610603864,0.9999936165255399
9.416234793278331,0.999999995731234,0.9999999553852587,0.9999996663007444,0.999998487585109
10.578662801651687,0.999999999330107,0.9999999920915777,0.9999999338686233,0.9999996723971875
11.884591785129816,0.999999999904006,0.9999999987195585,0.999999988025645,0.9999999351453115
13.351736844955687,0.9999999999874415,0.9999999998106808,0.9999999980194816,0.9999999882692442
15.0,0.9999999999985002,0.9999999999744429,0.9999999997008482,0.9999999980618312
