SA(0.6s) [g],Slight_damage,Moderate_damage,Extensive_damage,Complete_damage
0.05000000000000001,1.3788969965844444e-13,1.1102230246251565e-16,0.0,0.0
0.056172467201025755,9.36362098968857e-13,6.661338147750939e-16,0.0,0.0
0.06310692142900626,5.941469538583988e-12,5.10702591327572e-15,0.0,0.0
0.07089742948257126,3.5246250362774845e-11,3.907985046680551e-14,1.1102230246251565e-16,0.0
0.07964967064493539,1.95494176402633e-10,2.7688962234151404e-13,1.2212453270876722e-15,0.0
0.08948237023750269,1.0139180606216769e-09,1.8347545704955337e-12,9.43689570931383e-15,1.1102230246251565e-16
0.10052891014472326,4.917810603188855e-09,1.136368776855079e-11,7.005507285384738e-14,1.2212453270876722e-15
0.11293913815718663,2.23099352325562e-08,6.579981004506408e-11,4.863887070882811e-13,9.547918011776346e-15
0.1268814006769336,9.467751704850258e-08,3.5624536653955374e-10,3.159361661175808e-12,7.116529587847253e-14
0.14254482635890514,3.759152310545133e-07,1.8035978266439656e-09,1.9183210575590692e-11,4.940492459581947e-13
0.16014189166643014,1.3967195706676705e-06,8.539848606048395e-09,1.0890288670850623e-10,3.2068792066297647e-12
0.17991130314285533,4.857326158513864e-06,3.782165691745831e-08,5.78079917268326e-10,1.946154348786422e-11
0.2021212354977168,1.581463738775657e-05,1.5670327480066248e-07,2.86957713147018e-09,1.104221158954033e-10
0.2270729694325259,4.821866726367752e-05,6.074889387086557e-07,1.3322470127086206e-08,5.858241669542963e-10
0.2551049785537617,0.00013772184726545955,2.2039760542158504e-06,5.785627910093183e-08,2.9064346485085935e-09
0.28659752081259104,0.0003686215739333587,7.484803505763971e-06,2.350632339886971e-07,1.3486249228478187e-08
0.3219777967548112,0.0009249803146913482,2.379957611842176e-05,8.936464594988536e-07,5.8535754132726936e-08
0.36172574455336326,0.0021770656342503525,7.08760314940271e-05,3.1796710017184537e-06,2.3769514934102176e-07
0.4063805504338082,0.0048089169088444406,0.00019774964288210573,1.0590942509658419e-05,9.031646318602427e-07
0.45654796280755766,0.009975911510636926,0.0005171127455203539,3.303221113704069e-05,3.2118089757782187e-06
0.5129085093300529,0.01945059426021023,0.0012679487245034204,9.649893888119543e-05,1.0692255866806555e-05
0.5762267283493882,0.035677736389415515,0.002916692826444356,0.00026414368566618496,3.333040465447468e-05
0.6473615399712076,0.061635705553981235,0.00629819876263682,0.0006777431663625988,9.731837097604057e-05
0.7272778974247632,0.10041958368029413,0.012775835351998999,0.0016307964994053403,0.0002662460647308018
0.8170598767824696,0.15454285863131556,0.024365563951063707,0.003681970638918508,0.0006827792433123925
0.9179253825967483,0.22508840490681448,0.04373339003120502,0.007805193644897734,0.0016420595743138477
1.0312426689380967,0.3109715898457365,0.07396351894440056,0.015546617852945754,0.0037054888816648868
1.1585488999444697,0.4086278120014838,0.11803434050454098,0.02912210340625676,0.007851043297120053
1.3015710016583038,0.5123436509029242,0.1780431146197613,0.051357300443923504,0.015630072496001013
1.4622490880091454,0.6152266716086336,0.2543618529942222,0.08537291044394157,0.0292639269206737
1.6427627787184707,0.7105492491859621,0.3450187206066885,0.13397642850448066,0.05158232466300139
1.8455607661325835,0.7930392307826777,0.4456014777291393,0.19884132397543297,0.08570625515150254
2.0733940320616497,0.859713739749892,0.5498331689807359,0.2796959083569467,0.13443747120075966
2.329353165215711,0.9100488920515564,0.6507188422093318,0.37383125844744647,0.1994366734977917
2.6169102854537,0.9455413080447748,0.7419225791824156,0.47619689214740457,0.28041367976354836
2.9399661435534976,0.9689163257965314,0.8189329257055655,0.5801671350673994,0.37463920676090523
3.3029030354176987,0.9832950404108467,0.8796678691606394,0.6787990348756774,0.47704600279102993
3.710644248503383,0.991556168370407,0.9244063279264482,0.7661925357231216,0.5810002947999392
4.168720846874621,0.9959892851525982,0.955186843078321,0.8385184833648263,0.6795623002130627
4.683346700825936,0.9982112072434398,0.9749666840275316,0.8944249654348366,0.7668453747203465
5.261502778863538,0.9992513609841593,0.9868386117097566,0.9347879186316796,0.8390398220101196
5.911031845476362,0.9997061546937737,0.9934939577485902,0.962005909413696,0.8948136676629919
6.64074484928479,0.9998918832368292,0.9969786973593183,0.9791486832166166,0.9350584997093714
7.4605404447366075,0.9999627249671279,0.9986828935207148,0.9892332558611638,0.9621817669948111
8.381539268677866,0.9999879623854468,0.9994613199808958,0.9947742114327982,0.9792553939363893
9.416234793278331,0.9999963597854364,0.9997934158554557,0.9976177683218006,0.9892937117045705
10.578662801651687,0.999998969468287,0.9999257452464502,0.9989807452537883,0.9948061894697718
11.884591785129816,0.9999997269503835,0.9999749939817993,0.999590933161234,0.9976335607385927
13.351736844955687,0.9999999323016945,0.999992112994621,0.9998460777143061,0.9989880268849269
15.0,0.9999999842967104,0.9999976708351964,0.9999457227481537,0.9995940678327268
