PGA [g],Slight_damage,Moderate_damage,Extensive_damage,Complete_damage
0.05000000000000001,2.4424906541753444e-15,0.0,0.0,0.0
0.056172467201025755,3.597122599785507e-14,0.0,0.0,0.0
0.06310692142900626,4.742872761198669e-13,0.0,0.0,0.0
0.07089742948257126,5.561995308767109e-12,0.0,0.0,0.0
0.07964967064493539,5.797773372506754e-11,1.1102230246251565e-16,0.0,0.0
0.08948237023750269,5.372987610385849e-10,2.3314683517128287e-15,0.0,0.0
0.10052891014472326,4.428034383607837e-09,3.397282455352979e-14,1.1102230246251565e-16,0.0
0.11293913815718663,3.246210256158122e-08,4.495293026707259e-13,9.992007221626409e-16,0.0
0.1268814006769336,2.1176977638148742e-07,5.285549775635445e-12,1.609823385706477e-14,3.3306690738754696e-16
0.14254482635890514,1.2298427001233847e-06,5.523326240819415e-11,2.2004620348070603e-13,5.10702591327572e-15
0.16014189166643014,6.361229679341385e-06,5.131423064241858e-10,2.674305221717077e-12,7.283063041541027e-14
0.17991130314285533,2.9321382830405085e-05,4.239478657019902e-09,2.8886892877721948e-11,9.313660953580438e-13
0.2021212354977168,0.00012052389427463783,3.115692825961247e-08,2.7739188723785446e-10,1.0580647469282667e-11
0.2270729694325259,0.0004421403469354601,2.0375816789375278e-07,2.3685979844145777e-09,1.0684919615755462e-10
0.2551049785537617,0.001449016657064206,1.186231991745501e-06,1.7989455924904973e-08,9.593708050203986e-10
0.28659752081259104,0.0042475265099292114,6.150711886809823e-06,1.2156769346738372e-07,7.660815981580527e-09
0.3219777967548112,0.0111530451397861,2.8420212856983262e-05,7.312403891290842e-07,5.442175754488687e-08
0.36172574455336326,0.026281333916753247,0.00011710294323841186,3.916891964106384e-06,3.4406193194502777e-07
0.4063805504338082,0.05570603299022947,0.0004306241457420201,1.8693728675689414e-05,1.9366518571040103e-06
0.45654796280755766,0.10651811546346246,0.0014146376072718958,7.954285422306917e-05,9.710342599333899e-06
0.5129085093300529,0.18442180724576884,0.004156514074828532,0.0003019887767761187,4.339536555386658e-05
0.5762267283493882,0.2904662223340818,0.010939381885034516,0.001023925127030978,0.0001729761153530518
0.6473615399712076,0.41862790384907234,0.02583651711300039,0.003104025674917743,0.0006155089468924402
0.7272778974247632,0.5561493432378652,0.054884821966647346,0.008424946165125125,0.0019572190782616294
0.8170598767824696,0.6871655072370889,0.1051736470735064,0.02050897395086948,0.005568708915910325
0.9179253825967483,0.7979863132318848,0.1824698573696213,0.04487384031835895,0.014199176507951883
1.0312426689380967,0.8812122395735037,0.28795312698357867,0.08849005250962383,0.03250998924364046
1.1585488999444697,0.9367048427476439,0.4157586332245836,0.15781140116790437,0.06700138619680673
1.3015710016583038,0.9695558114842522,0.5532442752718996,0.2556305894788612,0.12468436179344011
1.4622490880091454,0.9868219282894932,0.6845571725143352,0.37818282482424237,0.21033318248150268
1.6427627787184707,0.9948788785485524,0.7959095232113631,0.5145029437620525,0.3232437069296312
1.8455607661325835,0.998216765686499,0.8797458677951994,0.6491326438796486,0.45540019428823464
2.0733940320616497,0.9994444660498246,0.9357866838673012,0.7671820822603777,0.5927362460283626
2.329353165215711,0.9998453577886133,0.9690459950578495,0.8590847831849644,0.7194497434554741
2.6169102854537,0.9999615747373171,0.9865708945764294,0.9226079831957831,0.8232510796257098
2.9399661435534976,0.9999914844747205,0.9947692629107341,0.9615908627359281,0.8987470045936743
3.3029030354176987,0.9999983180683192,0.9981743198379023,0.9828306381257282,0.9474979003389038
3.710644248503383,0.9999997040941216,0.9994298906604347,0.9931050432812386,0.9754476237902999
4.168720846874621,0.999999953651785,0.9998409193792928,0.9975175955121883,0.9896743462123254
4.683346700825936,0.9999999935395207,0.9999603761856045,0.9992000543012156,0.9961035997352607
5.261502778863538,0.9999999991988879,0.9999911974571777,0.9997695819442881,0.9986831254764957
5.911031845476362,0.9999999999116544,0.9999982571171069,0.9999407389962964,0.9996019603084771
6.64074484928479,0.9999999999913379,0.9999996926157972,0.9999864033891286,0.9998925280280277
7.4605404447366075,0.999999999999245,0.9999999517348963,0.9999972191298125,0.9999741041617348
8.381539268677866,0.9999999999999415,0.9999999932556389,0.9999994932995061,0.9999944360495864
9.416234793278331,0.999999999999996,0.9999999991616059,0.9999999177914128,0.9999989347145507
10.578662801651687,0.9999999999999998,0.9999999999073125,0.9999999881289992,0.9999998183498293
11.884591785129816,1.0,0.9999999999908895,0.9999999984748982,0.9999999724267534
13.351736844955687,1.0,0.999999999999204,0.9999999998257344,0.999999996275671
15.0,1.0,0.9999999999999382,0.9999999999822946,0.9999999995525269
