SA(0.3s) [g],Slight_damage,Moderate_damage,Extensive_damage,Complete_damage
0.05000000000000001,2.6129951145037467e-06,1.483069222985023e-11,1.942890293094024e-14,2.220446049250313e-16
0.056172467201025755,6.616139719306524e-06,5.630818034063623e-11,8.837375276016246e-14,1.1102230246251565e-15
0.06310692142900626,1.612611305268352e-05,2.0563595271028134e-10,3.858025010572419e-13,5.218048215738236e-15
0.07089742948257126,3.7841420542306103e-05,7.223794895594438e-10,1.6209256159527285e-12,2.4202861936828413e-14
0.07964967064493539,8.55022403384309e-05,2.4411436205795667e-09,6.5494276668687235e-12,1.0957901253050295e-13
0.08948237023750269,0.00018604852867076804,7.936101775740667e-09,2.5452417951044026e-11,4.757305660518796e-13
0.10052891014472326,0.0003899309347773494,2.482182259733179e-08,9.513956289453063e-11,1.9875212586839552e-12
0.11293913815718663,0.0007873079863929267,7.469673524163056e-08,3.4207303656330623e-10,7.985612171523826e-12
0.1268814006769336,0.0015317575640141357,2.1629314739257666e-07,1.1831085000579833e-09,3.0859981237085776e-11
0.14254482635890514,0.002872290232700303,6.02686925366136e-07,3.936419745720343e-09,1.1470746574815394e-10
0.16014189166643014,0.005192510711968468,1.6161687955706938e-06,1.2600116838790143e-08,4.1012526708072983e-10
0.17991130314285533,0.00905254328846461,4.1712813232397394e-06,3.880356258534334e-08,1.410563221782013e-09
0.2021212354977168,0.015225065445366393,1.0363017762693438e-05,1.1498005580978798e-07,4.6670579623153685e-09
0.2270729694325259,0.02471240453768697,2.47849504325659e-05,3.278386514482534e-07,1.485573020154618e-08
0.2551049785537617,0.03872880066311546,5.707310461255943e-05,8.99540068433069e-07,4.549596133163192e-08
0.28659752081259104,0.058632718202168865,0.0001265550387401504,2.375434898782558e-06,1.3406336996091284e-07
0.3219777967548112,0.08580030758669854,0.00027027254461686745,6.037700360450593e-06,3.801361160293837e-07
0.36172574455336326,0.12144329156257716,0.0005560031056509596,1.4772494834058847e-05,1.0372807758285418e-06
0.4063805504338082,0.1663909919331954,0.0011020288452300298,3.47971112334422e-05,2.7240922498839026e-06
0.45654796280755766,0.22087278874856198,0.002104978375057742,7.89220934251933e-05,6.8858845760910725e-06
0.5129085093300529,0.28434826004064906,0.0038757180482378306,0.00017237953210647028,1.6755557272984944e-05
0.5762267283493882,0.3554321273172969,0.0068806881620366855,0.00036264166539656806,3.925303173502037e-05
0.6473615399712076,0.4319471634145742,0.011782261605014499,0.0007349477724636344,8.854471312325085e-05
0.7272778974247632,0.5111121552375018,0.019467208985609608,0.0014352047032485382,0.00019235072715206858
0.8170598767824696,0.5898403342574599,0.031048484914593777,0.002701177191691273,0.00040247710619623067
0.9179253825967483,0.6650957729073669,0.04782424236564664,0.004901066588345548,0.0008113120143028452
1.0312426689380967,0.73424004619915,0.0711813019840486,0.008575473706853298,0.0015758953754345661
1.1585488999444697,0.7953040339487061,0.10243954592332272,0.01447454525564218,0.002950289627370428
1.3015710016583038,0.8471392246359609,0.1426483748313203,0.023577662189619097,0.005324983121415716
1.4622490880091454,0.889432838346288,0.19236352674542356,0.03707993081685179,0.009268772021867488
1.6427627787184707,0.9226020689528989,0.2514470878521182,0.05633005872122565,0.01556426489505669
1.8455607661325835,0.9476058942594625,0.31893952970841355,0.08270981794838761,0.025223792663081945
2.0733940320616497,0.965722961884432,0.393045676772252,0.11745690789614471,0.03946976943564651
2.329353165215711,0.9783406466699692,0.47125597883575576,0.1614491923601411,0.059664535815753705
2.6169102854537,0.9867872418391587,0.550594543827436,0.21498509258094467,0.0871811996538292
2.9399661435534976,0.9922221703224042,0.6279543496053648,0.27760670812932586,0.12321940335573833
3.3029030354176987,0.9955835381370347,0.7004575281491727,0.34801341371262495,0.16858649792607405
3.710644248503383,0.9975817806010844,0.7657719901165827,0.42410110461729766,0.22348105980180577
4.168720846874621,0.9987235809141036,0.8223271544470087,0.5031371910597826,0.2873262592764635
4.683346700825936,0.9993506881840437,0.8693973235815944,0.5820499271483485,0.3586998877366613
5.261502778863538,0.9996817454203349,0.9070529418585882,0.65778192716961,0.4353932770956108
5.911031845476362,0.9998497316824628,0.9360079899201355,0.7276409316271562,0.5146048670861989
6.64074484928479,0.9999316637155764,0.9574087511569033,0.7895816134076608,0.5932424546707061
7.4605404447366075,0.9999700735844506,0.9726122837513954,0.8423702160604922,0.6682806330790707
8.381539268677866,0.999987381345105,0.9829940220452087,0.8856131259359166,0.7371054433487396
9.416234793278331,0.9999948776584012,0.9898080802394196,0.9196617972925736,0.7977816445178083
10.578662801651687,0.9999979984386557,0.9941069243815729,0.9454306978372972,0.8491981235813815
11.884591785129816,0.999999247221937,0.9967137234591876,0.9641764127138626,0.8910771751717244
13.351736844955687,0.9999997275292439,0.9982331275941074,0.977283870006037,0.9238641879412914
15.0,0.9999999050950517,0.9990843613085035,0.9860932459043874,0.9485369240639853
