0,0
0.005,-5.3862e-05
0.01,-0.00010765
0.015,-0.00010753
0.02,-0.0001074
0.025,-0.00010726
0.03,-0.00010711
0.035,-0.00010694
0.04,-0.00010676
0.045,-0.00010658
0.05,-0.00010638
0.055,-0.00010617
0.06,-0.00010594
0.065,-0.00010571
0.07,-0.00010546
0.075,-0.00010521
0.08,-0.00010494
0.085,-0.00010466
0.09,-0.00010438
0.095,-0.00010408
0.1,-0.00010377
0.105,-0.00010345
0.11,-0.00010311
0.115,-0.00010277
0.12,-0.00010242
0.125,-0.00010206
0.13,-0.00010169
0.135,-0.0001013
0.14,-0.00010091
0.145,-0.00010051
0.15,-0.0001001
0.155,-9.9679e-05
0.16,-9.9249e-05
0.165,-9.8809e-05
0.17,-9.836e-05
0.175,-9.7902e-05
0.18,-9.7434e-05
0.185,-9.6958e-05
0.19,-9.6473e-05
0.195,-9.5979e-05
0.2,-9.5476e-05
0.205,-9.4965e-05
0.21,-9.4446e-05
0.215,-9.3918e-05
0.22,-9.3383e-05
0.225,-9.284e-05
0.23,-9.229e-05
0.235,-9.173e-05
0.24,-9.1163e-05
0.245,-9.0589e-05
0.25,-9.0008e-05
0.255,-8.942e-05
0.26,-8.8824e-05
0.265,-8.822e-05
0.27,-8.7611e-05
0.275,-8.6995e-05
0.28,-8.6373e-05
0.285,-8.5744e-05
0.29,-8.5108e-05
0.295,-8.4466e-05
0.3,-8.3817e-05
0.305,-8.3162e-05
0.31,-8.2505e-05
0.315,-8.1844e-05
0.32,-8.1175e-05
0.325,-8.0498e-05
0.33,-7.9811e-05
0.335,-7.9119e-05
0.34,-7.8423e-05
0.345,-7.7727e-05
0.35,-7.7031e-05
0.355,-7.633e-05
0.36,-7.5622e-05
0.365,-7.4902e-05
0.37,-7.4174e-05
0.375,-7.3442e-05
0.38,-7.2708e-05
0.385,-7.1975e-05
0.39,-7.1236e-05
0.395,-7.0493e-05
0.4,-6.9744e-05
0.405,-6.8995e-05
0.41,-6.8243e-05
0.415,-6.7484e-05
0.42,-6.6717e-05
0.425,-6.5946e-05
0.43,-6.5181e-05
0.435,-6.4424e-05
0.44,-6.367e-05
0.445,-6.2912e-05
0.45,-6.215e-05
0.455,-6.138e-05
0.46,-6.0595e-05
0.465,-5.9792e-05
0.47,-5.8986e-05
0.475,-5.8189e-05
0.48,-5.7398e-05
0.485,-5.6607e-05
0.49,-5.5817e-05
0.495,-5.5023e-05
0.5,-5.4215e-05
0.505,-5.3393e-05
0.51,-5.2578e-05
0.515,-5.1784e-05
0.52,-5.099e-05
0.525,-5.0175e-05
0.53,-4.9362e-05
0.535,-4.8579e-05
0.54,-4.7817e-05
0.545,-4.7038e-05
0.55,-4.6228e-05
0.555,-4.5404e-05
0.56,-4.4568e-05
0.565,-4.371e-05
0.57,-4.2832e-05
0.575,-4.1952e-05
0.58,-4.1102e-05
0.585,-4.0297e-05
0.59,-3.9532e-05
0.595,-3.8777e-05
0.6,-3.7992e-05
0.605,-3.7177e-05
0.61,-3.6351e-05
0.615,-3.5498e-05
0.62,-3.4597e-05
0.625,-3.3642e-05
0.63,-3.2656e-05
0.635,-3.1718e-05
0.64,-3.0911e-05
0.645,-3.0212e-05
0.65,-2.9493e-05
0.655,-2.8652e-05
0.66,-2.7686e-05
0.665,-2.6686e-05
0.67,-2.5767e-05
0.675,-2.5001e-05
0.68,-2.4396e-05
0.685,-2.3845e-05
0.69,-2.3209e-05
0.695,-2.2453e-05
0.7,-2.1623e-05
0.705,-2.0746e-05
0.71,-1.9841e-05
0.715,-1.895e-05
0.72,-1.807e-05
0.725,-1.7158e-05
0.73,-1.6215e-05
0.735,-1.5259e-05
0.74,-1.424e-05
0.745,-1.3141e-05
0.75,-1.209e-05
0.755,-1.1241e-05
0.76,-1.0626e-05
0.765,-1.0127e-05
0.77,-9.5189e-06
0.775,-8.6616e-06
0.78,-7.6524e-06
0.785,-6.6779e-06
0.79,-5.8226e-06
0.795,-5.0428e-06
0.8,-4.2671e-06
0.805,-3.4353e-06
0.81,-2.4934e-06
0.815,-1.5107e-06
0.82,-6.9215e-07
0.825,-9.684e-08
0.83,3.3129e-07
0.835,5.8716e-07
0.84,8.1957e-07
0.845,1.3812e-06
0.85,2.5138e-06
0.855,4.2151e-06
0.86,6.261e-06
0.865,8.3772e-06
0.87,1.0359e-05
0.875,1.192e-05
0.88,1.2788e-05
0.885,1.2919e-05
0.89,1.2476e-05
0.895,1.1852e-05
0.9,1.1659e-05
0.905,1.2275e-05
0.91,1.3474e-05
0.915,1.4717e-05
0.92,1.5761e-05
0.925,1.6794e-05
0.93,1.8041e-05
0.935,1.9486e-05
0.94,2.0891e-05
0.945,2.2053e-05
0.95,2.3231e-05
0.955,2.4745e-05
0.96,2.6122e-05
0.965,2.648e-05
0.97,2.5663e-05
0.975,2.452e-05
0.98,2.4104e-05
0.985,2.4813e-05
0.99,2.6323e-05
0.995,2.819e-05
1,3.033e-05
1.005,3.2714e-05
1.01,3.485e-05
1.015,3.6067e-05
1.02,3.6192e-05
1.025,3.5771e-05
1.03,3.5675e-05
1.035,3.6347e-05
1.04,3.7548e-05
1.045,3.8836e-05
1.05,4.0012e-05
1.055,4.1347e-05
1.06,4.2939e-05
1.065,4.4015e-05
1.07,4.4011e-05
1.075,4.3575e-05
1.08,4.3909e-05
1.085,4.5697e-05
1.09,4.8333e-05
1.095,5.0527e-05
1.1,5.1881e-05
1.105,5.3038e-05
1.11,5.4622e-05
1.115,5.6134e-05
1.12,5.6271e-05
1.125,5.5157e-05
1.13,5.4687e-05
1.135,5.6224e-05
1.14,5.9098e-05
1.145,6.1218e-05
1.15,6.1161e-05
1.155,5.9855e-05
1.16,5.9534e-05
1.165,6.1105e-05
1.17,6.3687e-05
1.175,6.548e-05
1.18,6.4596e-05
1.185,6.149e-05
1.19,5.9262e-05
1.195,6.0413e-05
1.2,6.513e-05
1.205,7.1785e-05
1.21,7.7922e-05
1.215,8.1297e-05
1.22,8.1228e-05
1.225,7.9456e-05
1.23,7.6983e-05
1.235,7.174e-05
1.24,6.4656e-05
1.245,6.2319e-05
1.25,6.6755e-05
1.255,7.0904e-05
1.26,7.061e-05
1.265,7.1024e-05
1.27,7.6786e-05
1.275,8.5826e-05
1.28,9.3267e-05
1.285,9.648e-05
1.29,9.6356e-05
1.295,9.3242e-05
1.3,8.8109e-05
1.305,8.6582e-05
1.31,9.1493e-05
1.315,9.6706e-05
1.32,9.4011e-05
1.325,8.2101e-05
1.33,6.9452e-05
1.335,6.7612e-05
1.34,7.9067e-05
1.345,9.5598e-05
1.35,0.00010783
1.355,0.00011267
1.36,0.00011282
1.365,0.00010967
1.37,0.00010172
1.375,9.209e-05
1.38,8.8485e-05
1.385,9.3938e-05
1.39,0.00010282
1.395,0.00010818
1.4,0.00010949
1.405,0.00010881
1.41,0.00010571
1.415,9.9934e-05
1.42,9.4831e-05
1.425,9.6779e-05
1.43,0.00010875
1.435,0.00012546
1.44,0.00013618
1.445,0.00013286
1.45,0.00011854
1.455,0.00010473
1.46,0.00010082
1.465,0.00010739
1.47,0.00011643
1.475,0.00012016
1.48,0.00011939
1.485,0.00011801
1.49,0.00011523
1.495,0.00010956
1.5,4.5291e-05
1.505,-1.4002e-05
1.51,-9.1121e-06
1.515,-3.6004e-06
1.52,-1.4139e-06
1.525,-2.6758e-06
1.53,-5.3129e-06
1.535,-5.3578e-06
1.54,1.5107e-06
1.545,1.3124e-05
1.55,2.0208e-05
1.555,1.549e-05
1.56,8.8073e-07
1.565,-1.4905e-05
1.57,-2.4125e-05
1.575,-2.337e-05
1.58,-1.363e-05
1.585,-1.6707e-06
1.59,2.1162e-06
1.595,-7.051e-06
1.6,-2.0181e-05
1.605,-2.2344e-05
1.61,-1.0375e-05
1.615,4.1662e-06
1.62,7.5861e-06
1.625,-3.2783e-06
1.63,-1.775e-05
1.635,-2.2863e-05
1.64,-1.4392e-05
1.645,4.3028e-06
1.65,2.3291e-05
1.655,3.0203e-05
1.66,2.067e-05
1.665,1.5841e-06
1.67,-1.4322e-05
1.675,-1.8201e-05
1.68,-9.9144e-06
1.685,4.9949e-06
1.69,1.4916e-05
1.695,8.9113e-06
1.7,-9.4241e-06
1.705,-2.7383e-05
1.71,-3.6221e-05
1.715,-3.2325e-05
1.72,-1.702e-05
1.725,2.8828e-06
1.73,1.7258e-05
1.735,1.8558e-05
1.74,1.073e-05
1.745,5.0479e-06
1.75,5.7258e-06
1.755,8.6381e-06
1.76,7.316e-06
1.765,-2.4913e-06
1.77,-1.714e-05
1.775,-2.7409e-05
1.78,-2.632e-05
1.785,-1.4766e-05
1.79,-1.4037e-06
1.795,5.8318e-06
1.8,3.9613e-06
1.805,-7.2355e-06
1.81,-2.1873e-05
1.815,-2.7583e-05
1.82,-1.735e-05
1.825,3.262e-06
1.83,2.1724e-05
1.835,2.5616e-05
1.84,1.0264e-05
1.845,-1.4564e-05
1.85,-3.048e-05
1.855,-2.6847e-05
1.86,-1.0626e-05
1.865,2.6667e-06
1.87,6.1427e-06
1.875,3.9276e-06
1.88,2.7248e-06
1.885,6.5739e-06
1.89,1.1633e-05
1.895,1.0436e-05
1.9,3.4312e-06
1.905,-3.7023e-06
1.91,-7.3741e-06
1.915,-8.524e-06
1.92,-1.211e-05
1.925,-1.7854e-05
1.93,-1.7308e-05
1.935,-5.21e-06
1.94,1.3037e-05
1.945,2.1662e-05
1.95,7.4261e-06
1.955,-1.8625e-05
1.96,-3.0189e-05
1.965,-1.7415e-05
1.97,6.0214e-06
1.975,1.8692e-05
1.98,1.4014e-05
1.985,4.2181e-06
1.99,-3.4332e-06
1.995,-1.2617e-05
2,-2.2855e-05
2.005,-2.5608e-05
2.01,-1.3271e-05
2.015,5.4465e-06
2.02,9.2671e-06
2.025,-7.2518e-06
2.03,-2.6368e-05
2.035,-2.8187e-05
2.04,-8.8206e-06
2.045,1.3941e-05
2.05,2.0373e-05
2.055,1.4699e-05
2.06,1.0349e-05
2.065,6.8165e-06
2.07,-6.0856e-07
2.075,-1.0204e-05
2.08,-1.7136e-05
2.085,-1.7577e-05
2.09,-1.3058e-05
2.095,-8.6514e-06
2.1,-8.0418e-06
2.105,-1.0284e-05
2.11,-4.6524e-06
2.115,1.5458e-05
2.12,3.34e-05
2.125,3.014e-05
2.13,1.1539e-05
2.135,-2.6381e-06
2.14,-4.7666e-06
2.145,-8.2987e-06
2.15,-2.5142e-05
2.155,-4.5908e-05
2.16,-5.6507e-05
2.165,-4.9463e-05
2.17,-2.7294e-05
2.175,-9.8287e-06
2.18,-5.8084e-06
2.185,2.3048e-06
2.19,2.1824e-05
2.195,3.6922e-05
2.2,3.5069e-05
2.205,2.3625e-05
2.21,1.6264e-05
2.215,1.3307e-05
2.22,5.0724e-06
2.225,-1.9621e-05
2.23,-5.9866e-05
2.235,-8.5309e-05
2.24,-6.2274e-05
2.245,5.79e-07
2.25,5.72e-05
2.255,7.3018e-05
2.26,5.305e-05
2.265,2.347e-05
2.27,8.7431e-06
2.275,1.1766e-05
2.28,8.1947e-06
2.285,-9.8716e-06
2.29,-2.0748e-05
2.295,-2.0589e-05
2.3,-3.0227e-05
2.305,-5.6244e-05
2.31,-7.4474e-05
2.315,-5.6931e-05
2.32,-5.8869e-06
2.325,4.9925e-05
2.33,7.6107e-05
2.335,5.218e-05
2.34,-3.16e-07
2.345,-3.1841e-05
2.35,-2.4282e-05
2.355,-6.1366e-07
2.36,1.4049e-05
2.365,1.0307e-05
2.37,-7.1203e-06
2.375,-2.4586e-05
2.38,-2.937e-05
2.385,-2.0844e-05
2.39,-9.5535e-06
2.395,2.4567e-07
2.4,1.3828e-05
2.405,2.668e-05
2.41,2.4505e-05
2.415,2.9806e-06
2.42,-3.2165e-05
2.425,-6.9231e-05
2.43,-8.7049e-05
2.435,-7.0309e-05
2.44,-2.6121e-05
2.445,2.5011e-05
2.45,6.9437e-05
2.455,0.00010864
2.46,0.00014181
2.465,0.00014768
2.47,0.00011222
2.475,6.1561e-05
2.48,3.3845e-05
2.485,3.3498e-05
2.49,2.7173e-05
2.495,-1.8684e-05
2.5,-9.5538e-05
2.505,-0.00015573
2.51,-0.00015686
2.515,-0.00010019
2.52,-3.1394e-05
2.525,8.5219e-07
2.53,-1.1321e-05
2.535,-4.1098e-05
2.54,-6.4902e-05
2.545,-8.232e-05
2.55,-0.00010645
2.555,-0.00013768
2.56,-0.00015635
2.565,-0.00014404
2.57,-9.9292e-05
2.575,-2.9649e-05
2.58,5.9016e-05
2.585,0.00014941
2.59,0.00020448
2.595,0.00019707
2.6,0.00014097
2.605,7.6629e-05
2.61,2.8052e-05
2.615,-1.1063e-05
2.62,-5.1164e-05
2.625,-8.0369e-05
2.63,-6.8722e-05
2.635,-1.3619e-06
2.64,9.8227e-05
2.645,0.00018182
2.65,0.00020913
2.655,0.00016967
2.66,8.3197e-05
2.665,-1.4684e-05
2.67,-9.1779e-05
2.675,-0.0001276
2.68,-0.00010749
2.685,-2.73e-05
2.69,8.4127e-05
2.695,0.00016691
2.7,0.00017088
2.705,8.831e-05
2.71,-4.8639e-05
2.715,-0.0001904
2.72,-0.00029069
2.725,-0.00031771
2.73,-0.00026212
2.735,-0.00014152
2.74,4.8919e-06
2.745,0.00012752
2.75,0.00018686
2.755,0.00018402
2.76,0.00016515
2.765,0.00017665
2.77,0.00021433
2.775,0.00022972
2.78,0.0001883
2.785,0.00010298
2.79,1.1486e-05
2.795,-6.0207e-05
2.8,-0.00011577
2.805,-0.00017803
2.81,-0.00025714
2.815,-0.00032905
2.82,-0.00034809
2.825,-0.00028489
2.83,-0.00015429
2.835,-5.4924e-06
2.84,0.00010686
2.845,0.00014781
2.85,0.00011862
2.855,5.1161e-05
2.86,-1.1994e-05
2.865,-3.769e-05
2.87,-2.3535e-05
2.875,3.3588e-06
2.88,1.7906e-05
2.885,2.0368e-05
2.89,2.436e-05
2.895,2.863e-05
2.9,1.6485e-05
2.905,-1.2729e-05
2.91,-3.1747e-05
2.915,-1.2411e-05
2.92,4.7242e-05
2.925,0.00012097
2.93,0.00017603
2.935,0.00019824
2.94,0.0001887
2.945,0.00014746
2.95,7.8945e-05
2.955,-1.0153e-06
2.96,-7.8023e-05
2.965,-0.00014713
2.97,-0.00020235
2.975,-0.0002255
2.98,-0.00019381
2.985,-0.00010604
2.99,2.0031e-06
2.995,7.8036e-05
3,9.3014e-05
3.005,5.9256e-05
3.01,1.1366e-05
3.015,-2.5574e-05
3.02,-4.59e-05
3.025,-5.1378e-05
3.03,-4.049e-05
3.035,-6.2844e-06
3.04,5.1838e-05
3.045,0.00011288
3.05,0.000152
3.055,0.0001703
3.06,0.00018335
3.065,0.00019023
3.07,0.00017143
3.075,0.00011545
3.08,3.5376e-05
3.085,-4.5377e-05
3.09,-0.00010789
3.095,-0.00014158
3.1,-0.00014884
3.105,-0.00013845
3.11,-0.0001157
3.115,-8.74e-05
3.12,-6.5242e-05
3.125,-5.4236e-05
3.13,-4.4639e-05
3.135,-2.5448e-05
3.14,-6.1876e-07
3.145,1.522e-05
3.15,9.8634e-06
3.155,-1.7957e-05
3.16,-5.5145e-05
3.165,-8.0552e-05
3.17,-7.7446e-05
3.175,-4.2499e-05
3.18,1.2577e-05
3.185,6.5228e-05
3.19,9.2631e-05
3.195,8.98e-05
3.2,7.3243e-05
3.205,6.1495e-05
3.21,6.0696e-05
3.215,6.4654e-05
3.22,6.3648e-05
3.225,5.559e-05
3.23,4.401e-05
3.235,3.0036e-05
3.24,1.1771e-05
3.245,-1.4588e-05
3.25,-4.9365e-05
3.255,-8.4189e-05
3.26,-0.0001078
3.265,-0.00010893
3.27,-7.6848e-05
3.275,-1.2877e-05
3.28,6.1373e-05
3.285,0.00011354
3.29,0.00012332
3.295,9.5802e-05
3.3,5.0845e-05
3.305,8.4699e-06
3.31,-1.9749e-05
3.315,-3.405e-05
3.32,-4.0558e-05
3.325,-4.4232e-05
3.33,-4.4412e-05
3.335,-3.5344e-05
3.34,-1.6149e-05
3.345,7.0489e-06
3.35,3.0435e-05
3.355,4.8547e-05
3.36,4.5549e-05
3.365,1.1098e-05
3.37,-3.778e-05
3.375,-6.8735e-05
3.38,-6.8069e-05
3.385,-5.0503e-05
3.39,-3.7569e-05
3.395,-3.5142e-05
3.4,-3.039e-05
3.405,-3.8033e-06
3.41,5.3824e-05
3.415,0.0001279
3.42,0.00018667
3.425,0.00020394
3.43,0.00017419
3.435,0.00011231
3.44,4.0423e-05
3.445,-2.4719e-05
3.45,-7.3401e-05
3.455,-0.00010198
3.46,-0.00011037
3.465,-9.9867e-05
3.47,-7.5778e-05
3.475,-4.2565e-05
3.48,2.37e-06
3.485,5.7245e-05
3.49,0.00010462
3.495,0.00012186
3.5,0.00010067
3.505,5.5085e-05
3.51,8.0377e-06
3.515,-2.9105e-05
3.52,-5.7617e-05
3.525,-7.9772e-05
3.53,-9.1421e-05
3.535,-8.5091e-05
3.54,-6.493e-05
3.545,-4.7659e-05
3.55,-4.1499e-05
3.555,-3.6448e-05
3.56,-1.7602e-05
3.565,1.6301e-05
3.57,4.9828e-05
3.575,6.8421e-05
3.58,7.1643e-05
3.585,6.4625e-05
3.59,5.145e-05
3.595,3.955e-05
3.6,3.6492e-05
3.605,4.3403e-05
3.61,5.0745e-05
3.615,4.2749e-05
3.62,1.3844e-05
3.625,-2.7606e-05
3.63,-6.6448e-05
3.635,-8.4668e-05
3.64,-7.3458e-05
3.645,-4.0221e-05
3.65,2.2844e-06
3.655,4.1326e-05
3.66,6.3644e-05
3.665,6.3035e-05
3.67,4.4166e-05
3.675,1.8891e-05
3.68,-1.998e-07
3.685,-7.1998e-06
3.69,-2.9898e-06
3.695,7.7849e-06
3.7,1.7491e-05
3.705,2.2907e-05
3.71,3.0422e-05
3.715,4.3479e-05
3.72,5.3564e-05
3.725,5.2092e-05
3.73,4.0823e-05
3.735,2.5699e-05
3.74,7.5117e-06
3.745,-1.5178e-05
3.75,-3.8146e-05
3.755,-5.4979e-05
3.76,-6.4968e-05
3.765,-6.9158e-05
3.77,-6.4177e-05
3.775,-4.6983e-05
3.78,-1.8683e-05
3.785,1.6328e-05
3.79,5.1305e-05
3.795,7.9206e-05
3.8,9.196e-05
3.805,8.3647e-05
3.81,5.6397e-05
3.815,1.723e-05
3.82,-2.295e-05
3.825,-4.7742e-05
3.83,-4.6355e-05
3.835,-2.3998e-05
3.84,3.0265e-06
3.845,2.0478e-05
3.85,2.6961e-05
3.855,2.9423e-05
3.86,2.9893e-05
3.865,2.3194e-05
3.87,6.6116e-06
3.875,-1.2054e-05
3.88,-2.1151e-05
3.885,-1.6096e-05
3.89,-1.7971e-06
3.895,9.7462e-06
3.9,8.2314e-06
3.905,-5.9817e-06
3.91,-2.09e-05
3.915,-2.1891e-05
3.92,-6.0041e-06
3.925,1.8563e-05
3.93,4.3413e-05
3.935,6.2337e-05
3.94,7.062e-05
3.945,6.5226e-05
3.95,4.6189e-05
3.955,2.0647e-05
3.96,8.1549e-09
3.965,-7.4618e-06
3.97,9.4088e-07
3.975,2.0585e-05
3.98,4.1222e-05
3.985,5.3796e-05
3.99,5.2107e-05
3.995,3.4768e-05
4,1.0104e-05
4.005,-8.5138e-06
4.01,-1.2377e-05
4.015,-1.3965e-06
4.02,1.7485e-05
4.025,3.6911e-05
4.03,5.2054e-05
4.035,5.7876e-05
4.04,5.2733e-05
4.045,3.9874e-05
4.05,2.3323e-05
4.055,1.0074e-05
4.06,7.8318e-06
4.065,1.5357e-05
4.07,2.2516e-05
4.075,2.0379e-05
4.08,7.949e-06
4.085,-9.737e-06
4.09,-2.6459e-05
4.095,-3.6982e-05
4.1,-3.8846e-05
4.105,-3.5596e-05
4.11,-3.2436e-05
4.115,-2.7971e-05
4.12,-1.6835e-05
4.125,2.9745e-06
4.13,2.7517e-05
4.135,4.9318e-05
4.14,6.2286e-05
4.145,6.2566e-05
4.15,4.7287e-05
4.155,2.0051e-05
4.16,-4.3914e-06
4.165,-1.0889e-05
4.17,3.685e-06
4.175,3.145e-05
4.18,5.7006e-05
4.185,6.4183e-05
4.19,4.9376e-05
4.195,2.5108e-05
4.2,8.84e-06
4.205,9.1254e-06
4.21,2.0981e-05
4.215,3.5207e-05
4.22,4.7191e-05
4.225,5.3392e-05
4.23,4.9885e-05
4.235,3.6824e-05
4.24,1.9085e-05
4.245,4.1865e-06
4.25,-4.1988e-06
4.255,-9.5973e-06
4.26,-1.3781e-05
4.265,-1.0755e-05
4.27,7.2885e-06
4.275,3.8423e-05
4.28,6.5574e-05
4.285,7.081e-05
4.29,5.3922e-05
4.295,2.9954e-05
4.3,1.4393e-05
4.305,1.194e-05
4.31,1.3926e-05
4.315,9.1682e-06
4.32,-4.2895e-06
4.325,-2.1322e-05
4.33,-3.6896e-05
4.335,-4.7836e-05
4.34,-5.0901e-05
4.345,-4.3531e-05
4.35,-2.8795e-05
4.355,-1.4895e-05
4.36,-5.0347e-06
4.365,6.0826e-06
4.37,2.243e-05
4.375,4.1327e-05
4.38,5.6186e-05
4.385,5.8317e-05
4.39,4.3176e-05
4.395,1.7337e-05
4.4,-6.5321e-06
4.405,-2.0077e-05
4.41,-2.3697e-05
4.415,-2.1943e-05
4.42,-1.5731e-05
4.425,-4.0744e-06
4.43,1.188e-05
4.435,3.0904e-05
4.44,4.9903e-05
4.445,6.333e-05
4.45,6.7024e-05
4.455,5.7829e-05
4.46,3.7172e-05
4.465,1.5765e-05
4.47,5.6942e-06
4.475,1.0928e-05
4.48,2.6501e-05
4.485,4.4796e-05
4.49,6.5045e-05
4.495,9.1061e-05
4.5,0.00011933
4.505,0.00013895
4.51,0.00014289
4.515,0.00013283
4.52,0.00011267
4.525,8.2776e-05
4.53,4.3238e-05
4.535,-1.0438e-06
4.54,-4.1699e-05
4.545,-7.1294e-05
4.55,-8.6444e-05
4.555,-8.7984e-05
4.56,-7.6326e-05
4.565,-4.8696e-05
4.57,-4.0652e-06
4.575,4.9568e-05
4.58,9.5625e-05
4.585,0.00011979
4.59,0.00011951
4.595,0.00010296
4.6,7.8675e-05
4.605,4.7187e-05
4.61,8.7248e-06
4.615,-2.5666e-05
4.62,-4.0913e-05
4.625,-3.4105e-05
4.63,-1.7113e-05
4.635,-2.4128e-06
4.64,1.1116e-05
4.645,3.425e-05
4.65,6.7328e-05
4.655,9.3361e-05
4.66,9.759e-05
4.665,8.4765e-05
4.67,7.0748e-05
4.675,6.3104e-05
4.68,5.7149e-05
4.685,4.725e-05
4.69,3.3798e-05
4.695,2.1286e-05
4.7,1.4241e-05
4.705,1.44e-05
4.71,1.964e-05
4.715,2.5554e-05
4.72,2.849e-05
4.725,2.4956e-05
4.73,1.2942e-05
4.735,-2.4077e-06
4.74,-1.2148e-05
4.745,-1.1872e-05
4.75,-3.6881e-06
4.755,4.2029e-06
4.76,2.7013e-06
4.765,-8.9276e-06
4.77,-2.2089e-05
4.775,-2.6273e-05
4.78,-1.7429e-05
4.785,-1.4526e-06
4.79,1.2337e-05
4.795,1.97e-05
4.8,2.2016e-05
4.805,2.4358e-05
4.81,3.3005e-05
4.815,4.9779e-05
4.82,6.8954e-05
4.825,7.961e-05
4.83,7.4608e-05
4.835,5.7249e-05
4.84,3.4761e-05
4.845,1.4059e-05
4.85,3.2875e-06
4.855,5.9052e-06
4.86,1.5804e-05
4.865,2.1813e-05
4.87,1.7455e-05
4.875,7.3914e-06
4.88,2.4251e-06
4.885,1.0465e-05
4.89,3.2709e-05
4.895,6.3467e-05
4.9,9.2972e-05
4.905,0.00011244
4.91,0.00011696
4.915,0.00010462
4.92,7.8496e-05
4.925,5.2311e-05
4.93,4.3332e-05
4.935,5.532e-05
4.94,7.7537e-05
4.945,9.8303e-05
4.95,0.00011315
4.955,0.00012345
4.96,0.00013283
4.965,0.00014339
4.97,0.00014949
4.975,0.00014022
4.98,0.00011032
4.985,6.2551e-05
4.99,5.0907e-06
4.995,-4.9246e-05
5,-8.8355e-05
5.005,-0.00010562
5.01,-0.00010042
5.015,-7.7435e-05
5.02,-4.422e-05
5.025,-9.208e-06
5.03,2.0727e-05
5.035,4.1744e-05
5.04,5.0185e-05
5.045,4.4126e-05
5.05,2.7775e-05
5.055,8.1651e-06
5.06,-8.894e-06
5.065,-1.7966e-05
5.07,-1.5562e-05
5.075,-2.8226e-06
5.08,1.7381e-05
5.085,4.3139e-05
5.09,7.153e-05
5.095,9.6463e-05
5.1,0.00010937
5.105,0.00010467
5.11,8.4771e-05
5.115,5.7291e-05
5.12,2.8793e-05
5.125,1.8716e-06
5.13,-2.1696e-05
5.135,-3.5874e-05
5.14,-3.2494e-05
5.145,-8.6942e-06
5.15,3.0967e-05
5.155,7.7055e-05
5.16,0.00011855
5.165,0.0001461
5.17,0.00015379
5.175,0.00014225
5.18,0.00011872
5.185,9.0835e-05
5.19,6.3439e-05
5.195,3.836e-05
5.2,1.4822e-05
5.205,-4.4292e-06
5.21,-1.0122e-05
5.215,4.4893e-06
5.22,3.4865e-05
5.225,6.8333e-05
5.23,9.3415e-05
5.235,0.000105
5.24,0.00010276
5.245,8.8102e-05
5.25,6.3631e-05
5.255,3.3293e-05
5.26,3.8002e-06
5.265,-1.6779e-05
5.27,-2.6051e-05
5.275,-2.6599e-05
5.28,-1.8814e-05
5.285,-1.0754e-06
5.29,2.5599e-05
5.295,5.468e-05
5.3,7.7388e-05
5.305,8.9489e-05
5.31,9.1791e-05
5.315,8.7319e-05
5.32,8.0007e-05
5.325,7.2095e-05
5.33,6.3604e-05
5.335,5.4864e-05
5.34,4.6253e-05
5.345,3.7056e-05
5.35,2.6745e-05
5.355,1.7911e-05
5.36,1.7175e-05
5.365,2.8244e-05
5.37,4.6367e-05
5.375,6.2985e-05
5.38,7.1174e-05
5.385,6.8386e-05
5.39,5.8205e-05
5.395,4.7846e-05
5.4,4.2847e-05
5.405,4.2534e-05
5.41,4.0337e-05
5.415,3.0686e-05
5.42,1.5643e-05
5.425,4.9195e-06
5.43,8.6493e-06
5.435,2.8025e-05
5.44,5.4125e-05
5.445,7.5381e-05
5.45,8.4277e-05
5.455,8.0669e-05
5.46,7.1124e-05
5.465,6.2244e-05
5.47,5.536e-05
5.475,4.8673e-05
5.48,4.1364e-05
5.485,3.533e-05
5.49,3.3747e-05
5.495,3.9319e-05
5.5,5.5714e-05
5.505,8.4426e-05
5.51,0.00011724
5.515,0.00013978
5.52,0.0001436
5.525,0.0001304
5.53,0.0001078
5.535,8.4464e-05
5.54,6.6192e-05
5.545,5.3269e-05
5.55,4.2922e-05
5.555,3.4338e-05
5.56,2.8743e-05
5.565,2.5962e-05
5.57,2.3682e-05
5.575,2.0831e-05
5.58,1.9056e-05
5.585,1.9585e-05
5.59,2.2655e-05
5.595,2.9683e-05
5.6,4.2862e-05
5.605,6.2445e-05
5.61,8.3561e-05
5.615,9.767e-05
5.62,9.9034e-05
5.625,8.7613e-05
5.63,6.7676e-05
5.635,4.6689e-05
5.64,3.2125e-05
5.645,2.6667e-05
5.65,2.7717e-05
5.655,3.2689e-05
5.66,4.3283e-05
5.665,6.1095e-05
5.67,8.1811e-05
5.675,9.8609e-05
5.68,0.00010739
5.685,0.0001059
5.69,9.3743e-05
5.695,7.6375e-05
5.7,6.3993e-05
5.705,6.3786e-05
5.71,7.4335e-05
5.715,8.6495e-05
5.72,9.0453e-05
5.725,8.3969e-05
5.73,7.3677e-05
5.735,6.6998e-05
5.74,6.3978e-05
5.745,5.8698e-05
5.75,4.7419e-05
5.755,3.4118e-05
5.76,2.665e-05
5.765,2.7759e-05
5.77,3.261e-05
5.775,3.4286e-05
5.78,3.0876e-05
5.785,2.7776e-05
5.79,3.1533e-05
5.795,4.2349e-05
5.8,5.4877e-05
5.805,6.3664e-05
5.81,6.5494e-05
5.815,5.9959e-05
5.82,5.1238e-05
5.825,4.6058e-05
5.83,4.6864e-05
5.835,5.0742e-05
5.84,5.5204e-05
5.845,6.052e-05
5.85,6.6201e-05
5.855,6.9357e-05
5.86,6.96e-05
5.865,7.0424e-05
5.87,7.3344e-05
5.875,7.592e-05
5.88,7.4575e-05
5.885,6.854e-05
5.89,6.2058e-05
5.895,6.0564e-05
5.9,6.6719e-05
5.905,7.9691e-05
5.91,9.4722e-05
5.915,0.00010493
5.92,0.00010551
5.925,9.6212e-05
5.93,8.0453e-05
5.935,6.3867e-05
5.94,5.2449e-05
5.945,4.9267e-05
5.95,5.3413e-05
5.955,6.0954e-05
5.96,6.7756e-05
5.965,7.3709e-05
5.97,8.1316e-05
5.975,9.1046e-05
5.98,9.9781e-05
5.985,0.00010127
5.99,9.0847e-05
5.995,7.0777e-05
6,4.8565e-05
6.005,3.3024e-05
6.01,3.1648e-05
6.015,4.6169e-05
6.02,6.9798e-05
6.025,9.0569e-05
6.03,9.9051e-05
6.035,9.4214e-05
6.04,8.1836e-05
6.045,6.7883e-05
6.05,5.4418e-05
6.055,4.166e-05
6.06,3.1564e-05
6.065,2.6996e-05
6.07,2.9497e-05
6.075,3.9133e-05
6.08,5.3829e-05
6.085,6.9548e-05
6.09,8.2513e-05
6.095,9.0037e-05
6.1,9.0386e-05
6.105,8.444e-05
6.11,7.732e-05
6.115,7.59e-05
6.12,8.2162e-05
6.125,9.0128e-05
6.13,9.1842e-05
6.135,8.4377e-05
6.14,7.1048e-05
6.145,5.8961e-05
6.15,5.3957e-05
6.155,5.6788e-05
6.16,6.401e-05
6.165,7.2045e-05
6.17,8.0468e-05
6.175,8.9133e-05
6.18,9.4973e-05
6.185,9.5253e-05
6.19,9.0544e-05
6.195,8.3741e-05
6.2,7.6303e-05
6.205,6.4248e-05
6.21,3.9208e-05
6.215,-7.2895e-06
6.22,-8.0726e-05
6.225,-0.00018128
6.23,-0.00030047
6.235,-0.0004147
6.24,-0.00048244
6.245,-0.00045747
6.25,-0.00031608
6.255,-7.8233e-05
6.26,0.00019677
6.265,0.0004373
6.27,0.00058272
6.275,0.00058454
6.28,0.00040445
6.285,3.3809e-05
6.29,-0.00048694
6.295,-0.0010785
6.3,-0.0016488
6.305,-0.0021009
6.31,-0.0023233
6.315,-0.0022142
6.32,-0.0017444
6.325,-0.00099201
6.33,-0.00011201
6.335,0.00072177
6.34,0.001358
6.345,0.0016807
6.35,0.00162
6.355,0.0011718
6.36,0.00040142
6.365,-0.0005642
6.37,-0.0015403
6.375,-0.0023215
6.38,-0.0027584
6.385,-0.0028202
6.39,-0.0025982
6.395,-0.0022306
6.4,-0.001806
6.405,-0.0013273
6.41,-0.00074662
6.415,-3.7362e-05
6.42,0.00076121
6.425,0.0015612
6.43,0.0022548
6.435,0.0027221
6.44,0.0028386
6.445,0.0025175
6.45,0.0017932
6.455,0.00084203
6.46,-0.0001511
6.465,-0.0011355
6.47,-0.0021549
6.475,-0.0031755
6.48,-0.0039812
6.485,-0.0042634
6.49,-0.003816
6.495,-0.0026376
6.5,-0.00090889
6.505,0.0010606
6.51,0.0029005
6.515,0.0043031
6.52,0.0051543
6.525,0.0055253
6.53,0.0054814
6.535,0.0048993
6.54,0.003542
6.545,0.0013448
6.55,-0.0013899
6.555,-0.0040537
6.56,-0.0059825
6.565,-0.0066851
6.57,-0.0059362
6.575,-0.0038649
6.58,-0.001001
6.585,0.0019262
6.59,0.0043507
6.595,0.0061049
6.6,0.0073064
6.605,0.007998
6.61,0.0079604
6.615,0.0068678
6.62,0.0046146
6.625,0.0015781
6.63,-0.001439
6.635,-0.00362
6.64,-0.0045311
6.645,-0.0041814
6.65,-0.0028595
6.655,-0.00095209
6.66,0.0011945
6.665,0.0032804
6.67,0.0049888
6.675,0.0060283
6.68,0.0062191
6.685,0.0055282
6.69,0.0040942
6.695,0.0022338
6.7,0.00034942
6.705,-0.0012679
6.71,-0.0025214
6.715,-0.0033208
6.72,-0.0034083
6.725,-0.0025692
6.73,-0.0010441
6.735,0.00042159
6.74,0.0010565
6.745,0.00061707
6.75,-0.0005458
6.755,-0.0019022
6.76,-0.0030664
6.765,-0.0037328
6.77,-0.0035758
6.775,-0.0024645
6.78,-0.00078319
6.785,0.00069385
6.79,0.0014178
6.795,0.0014761
6.8,0.0013948
6.805,0.001682
6.81,0.002537
6.815,0.0037618
6.82,0.0047301
6.825,0.0045268
6.83,0.002479
6.835,-0.0011434
6.84,-0.0049999
6.845,-0.0075537
6.85,-0.0082263
6.855,-0.0076391
6.86,-0.0067124
6.865,-0.0057296
6.87,-0.0043535
6.875,-0.0022502
6.88,0.00043308
6.885,0.0030506
6.89,0.0048511
6.895,0.0054135
6.9,0.0048039
6.905,0.0034004
6.91,0.0015699
6.915,-0.00039844
6.92,-0.0020956
6.925,-0.0030648
6.93,-0.0031923
6.935,-0.0028306
6.94,-0.00241
6.945,-0.001957
6.95,-0.0011302
6.955,0.00023473
6.96,0.0018082
6.965,0.0031118
6.97,0.0040325
6.975,0.0048338
6.98,0.0057036
6.985,0.0064453
6.99,0.0066985
6.995,0.0063738
7,0.0056859
7.005,0.0047595
7.01,0.003368
7.015,0.0011732
7.02,-0.0017699
7.025,-0.0047923
7.03,-0.0069387
7.035,-0.007559
7.04,-0.0066595
7.045,-0.0047775
7.05,-0.0025567
7.055,-0.00037376
7.06,0.0017096
7.065,0.003674
7.07,0.0052534
7.075,0.0059708
7.08,0.0055261
7.085,0.004082
7.09,0.0021155
7.095,8.8022e-05
7.1,-0.0017963
7.105,-0.0036151
7.11,-0.005424
7.115,-0.0069203
7.12,-0.0075173
7.125,-0.0067337
7.13,-0.0044543
7.135,-0.00091255
7.14,0.0034233
7.145,0.0078308
7.15,0.011227
7.155,0.012454
7.16,0.010972
7.165,0.0072754
7.17,0.0026275
7.175,-0.0016161
7.18,-0.0046028
7.185,-0.0061153
7.19,-0.0064213
7.195,-0.0059949
7.2,-0.0050698
7.205,-0.0034505
7.21,-0.00090887
7.215,0.0022713
7.22,0.0051796
7.225,0.0068157
7.23,0.0067985
7.235,0.0055479
7.24,0.0039531
7.245,0.0027243
7.25,0.0018299
7.255,0.00078616
7.26,-0.00052577
7.265,-0.001613
7.27,-0.0018094
7.275,-0.00090786
7.28,0.00052743
7.285,0.0015836
7.29,0.0016873
7.295,0.00079696
7.3,-0.0008441
7.305,-0.0028461
7.31,-0.0045171
7.315,-0.0049619
7.32,-0.0037404
7.325,-0.0013866
7.33,0.0010466
7.335,0.0030798
7.34,0.0051214
7.345,0.0076558
7.35,0.010418
7.355,0.012297
7.36,0.012006
7.365,0.0089569
7.37,0.0036021
7.375,-0.0028488
7.38,-0.0088657
7.385,-0.013009
7.39,-0.014265
7.395,-0.012262
7.4,-0.007423
7.405,-0.0010198
7.41,0.0051592
7.415,0.0094581
7.42,0.010901
7.425,0.0093869
7.43,0.0054569
7.435,-0.00011154
7.44,-0.0064816
7.445,-0.012716
7.45,-0.017701
7.455,-0.020409
7.46,-0.020383
7.465,-0.017802
7.47,-0.013178
7.475,-0.007176
7.48,-0.00065993
7.485,0.0053281
7.49,0.010071
7.495,0.013523
7.5,0.015718
7.505,0.016156
7.51,0.014342
7.515,0.010737
7.52,0.0066327
7.525,0.0029476
7.53,-0.00046551
7.535,-0.004264
7.54,-0.0087558
7.545,-0.013402
7.55,-0.016906
7.555,-0.017993
7.56,-0.016028
7.565,-0.011058
7.57,-0.0039724
7.575,0.003498
7.58,0.0094953
7.585,0.012879
7.59,0.013572
7.595,0.012197
7.6,0.0094505
7.605,0.0059498
7.61,0.002277
7.615,-0.001023
7.62,-0.0035271
7.625,-0.00514
7.63,-0.0058973
7.635,-0.0056778
7.64,-0.0043968
7.645,-0.0022511
7.65,0.00024038
7.655,0.0024201
7.66,0.0038366
7.665,0.0044441
7.67,0.0045545
7.675,0.0045838
7.68,0.0046532
7.685,0.0043578
7.69,0.0030424
7.695,0.0003546
7.7,-0.0033243
7.705,-0.0068892
7.71,-0.0090554
7.715,-0.0090065
7.72,-0.0068509
7.725,-0.0035025
7.73,9.4324e-05
7.735,0.0035242
7.74,0.0067203
7.745,0.0093847
7.75,0.0107
7.755,0.009723
7.76,0.0060698
7.765,0.00018251
7.77,-0.0069473
7.775,-0.013955
7.78,-0.019043
7.785,-0.020444
7.79,-0.017464
7.795,-0.011154
7.8,-0.0039077
7.805,0.0019041
7.81,0.005013
7.815,0.0053522
7.82,0.0037155
7.825,0.0010414
7.83,-0.0025006
7.835,-0.0076525
7.84,-0.014863
7.845,-0.022757
7.85,-0.028362
7.855,-0.029129
7.86,-0.024677
7.865,-0.01682
7.87,-0.0081872
7.875,-0.00069567
7.88,0.0050439
7.885,0.0092184
7.89,0.011993
7.895,0.01297
7.9,0.011079
7.905,0.0053783
7.91,-0.0037951
7.915,-0.01459
7.92,-0.024301
7.925,-0.030478
7.93,-0.031773
7.935,-0.027862
7.94,-0.019237
7.945,-0.0074396
7.95,0.0052395
7.955,0.017023
7.96,0.027428
7.965,0.036316
7.97,0.042573
7.975,0.044428
7.98,0.041087
7.985,0.033598
7.99,0.024075
7.995,0.014694
8,0.0071094
8.005,0.0018536
8.01,-0.0015325
8.015,-0.0034486
8.02,-0.0038555
8.025,-0.0025537
8.03,0.00070864
8.035,0.0059326
8.04,0.012766
8.045,0.020459
8.05,0.027384
8.055,0.031455
8.06,0.03137
8.065,0.02702
8.07,0.019255
8.075,0.0096714
8.08,0.0004984
8.085,-0.0054011
8.09,-0.005577
8.095,-0.00017461
8.1,0.0076048
8.105,0.013867
8.11,0.016927
8.115,0.01813
8.12,0.019586
8.125,0.021348
8.13,0.021506
8.135,0.018363
8.14,0.011985
8.145,0.004153
8.15,-0.0029175
8.155,-0.0080138
8.16,-0.010992
8.165,-0.011724
8.17,-0.0098533
8.175,-0.0057467
8.18,-0.0010271
8.185,0.00215
8.19,0.0027556
8.195,0.0018354
8.2,0.0011011
8.205,0.0012258
8.21,0.0019829
8.215,0.0027193
8.22,0.002527
8.225,0.00071729
8.23,-0.0030055
8.235,-0.0085132
8.24,-0.014744
8.245,-0.019724
8.25,-0.021404
8.255,-0.018384
8.26,-0.010686
8.265,6.217e-05
8.27,0.011582
8.275,0.02161
8.28,0.028215
8.285,0.030586
8.29,0.029411
8.295,0.026263
8.3,0.022691
8.305,0.019504
8.31,0.016592
8.315,0.013863
8.32,0.012264
8.325,0.013257
8.33,0.017638
8.335,0.024665
8.34,0.031506
8.345,0.034581
8.35,0.032201
8.355,0.02496
8.36,0.014272
8.365,0.0016884
8.37,-0.011405
8.375,-0.023781
8.38,-0.033934
8.385,-0.041115
8.39,-0.046234
8.395,-0.049947
8.4,-0.051196
8.405,-0.048551
8.41,-0.041889
8.415,-0.032882
8.42,-0.024201
8.425,-0.017763
8.43,-0.01354
8.435,-0.010215
8.44,-0.0069663
8.445,-0.0039873
8.45,-0.0013674
8.455,0.0015503
8.46,0.0054956
8.465,0.01045
8.47,0.015752
8.475,0.020639
8.48,0.024641
8.485,0.027749
8.49,0.03018
8.495,0.032193
8.5,0.033789
8.505,0.034073
8.51,0.031577
8.515,0.025736
8.52,0.017969
8.525,0.011278
8.53,0.0088842
8.535,0.012311
8.54,0.019575
8.545,0.026439
8.55,0.029958
8.555,0.029731
8.56,0.027281
8.565,0.025274
8.57,0.025924
8.575,0.029721
8.58,0.035264
8.585,0.039815
8.59,0.040079
8.595,0.033628
8.6,0.021374
8.605,0.0076771
8.61,-0.0032561
8.615,-0.010084
8.62,-0.013519
8.625,-0.014557
8.63,-0.014159
8.635,-0.013186
8.64,-0.012128
8.645,-0.0115
8.65,-0.01199
8.655,-0.013553
8.66,-0.014686
8.665,-0.013112
8.67,-0.0075423
8.675,0.00091426
8.68,0.0095002
8.685,0.015606
8.69,0.017426
8.695,0.014684
8.7,0.0082315
8.705,-0.00096472
8.71,-0.010436
8.715,-0.016983
8.72,-0.019969
8.725,-0.020649
8.73,-0.019472
8.735,-0.016257
8.74,-0.01151
8.745,-0.0055962
8.75,0.0021872
8.755,0.011435
8.76,0.018874
8.765,0.021388
8.77,0.019589
8.775,0.016276
8.78,0.013836
8.785,0.014001
8.79,0.016801
8.795,0.01989
8.8,0.02019
8.805,0.016111
8.81,0.0091924
8.815,0.0038223
8.82,0.0046563
8.825,0.013477
8.83,0.028105
8.835,0.043916
8.84,0.055566
8.845,0.058495
8.85,0.051066
8.855,0.035758
8.86,0.017798
8.865,0.0019854
8.87,-0.0096065
8.875,-0.016577
8.88,-0.019393
8.885,-0.020877
8.89,-0.024204
8.895,-0.029297
8.9,-0.03399
8.905,-0.036759
8.91,-0.037399
8.915,-0.036196
8.92,-0.033143
8.925,-0.028438
8.93,-0.02305
8.935,-0.018497
8.94,-0.015949
8.945,-0.015135
8.95,-0.014463
8.955,-0.012848
8.96,-0.011639
8.965,-0.014275
8.97,-0.024054
8.975,-0.041569
8.98,-0.063119
8.985,-0.082639
8.99,-0.094771
8.995,-0.095343
9,-0.082527
9.005,-0.058644
9.01,-0.029789
9.015,-0.0046783
9.02,0.009938
9.025,0.014151
9.03,0.01196
9.035,0.0074337
9.04,0.0032463
9.045,-0.0035676
9.05,-0.019658
9.055,-0.044726
9.06,-0.06921
9.065,-0.08453
9.07,-0.089564
9.075,-0.08617
9.08,-0.074684
9.085,-0.054411
9.09,-0.02636
9.095,0.0028304
9.1,0.023995
9.105,0.034088
9.11,0.03662
9.115,0.036333
9.12,0.035095
9.125,0.03022
9.13,0.016731
9.135,-0.0079486
9.14,-0.039232
9.145,-0.066056
9.15,-0.07778
9.155,-0.070532
9.16,-0.049214
9.165,-0.023423
9.17,-0.0018735
9.175,0.010521
9.18,0.014218
9.185,0.012217
9.19,0.0055362
9.195,-0.0071109
9.2,-0.028278
9.205,-0.060109
9.21,-0.10087
9.215,-0.14381
9.22,-0.18009
9.225,-0.20217
9.23,-0.20604
9.235,-0.19192
9.24,-0.16328
9.245,-0.1285
9.25,-0.10047
9.255,-0.088002
9.26,-0.090501
9.265,-0.10099
9.27,-0.10818
9.275,-0.10367
9.28,-0.093496
9.285,-0.093214
9.29,-0.11173
9.295,-0.14642
9.3,-0.18716
9.305,-0.22189
9.31,-0.24297
9.315,-0.24772
9.32,-0.23587
9.325,-0.21142
9.33,-0.18224
9.335,-0.15574
9.34,-0.13713
9.345,-0.12887
9.35,-0.12971
9.355,-0.13728
9.36,-0.15134
9.365,-0.17375
9.37,-0.20455
9.375,-0.23791
9.38,-0.26369
9.385,-0.27386
9.39,-0.26741
9.395,-0.24881
9.4,-0.22191
9.405,-0.18737
9.41,-0.14507
9.415,-0.097426
9.42,-0.051039
9.425,-0.015273
9.43,0.0016312
9.435,-0.0032839
9.44,-0.024908
9.445,-0.051917
9.45,-0.074144
9.455,-0.089036
9.46,-0.099651
9.465,-0.10771
9.47,-0.11063
9.475,-0.10323
9.48,-0.081477
9.485,-0.045294
9.49,0.002406
9.495,0.058036
9.5,0.1176
9.505,0.17706
9.51,0.23335
9.515,0.28433
9.52,0.32878
9.525,0.36636
9.53,0.39653
9.535,0.41826
9.54,0.43053
9.545,0.43392
9.55,0.43103
9.555,0.42391
9.56,0.41426
9.565,0.40645
9.57,0.40601
9.575,0.41581
9.58,0.43371
9.585,0.45298
9.59,0.46824
9.595,0.47985
9.6,0.49058
9.605,0.50165
9.61,0.51387
9.615,0.52857
9.62,0.54467
9.625,0.55661
9.63,0.55608
9.635,0.53745
9.64,0.5012
9.645,0.45216
9.65,0.39682
9.655,0.33919
9.66,0.27736
9.665,0.20766
9.67,0.13219
9.675,0.060599
9.68,0.0020116
9.685,-0.042545
9.69,-0.078401
9.695,-0.1115
9.7,-0.14423
9.705,-0.17608
9.71,-0.20645
9.715,-0.23353
9.72,-0.25346
9.725,-0.26585
9.73,-0.27856
9.735,-0.30187
9.74,-0.33703
9.745,-0.37378
9.75,-0.40126
9.755,-0.42245
9.76,-0.45458
9.765,-0.50949
9.77,-0.57566
9.775,-0.62776
9.78,-0.65067
9.785,-0.64211
9.79,-0.59991
9.795,-0.52505
9.8,-0.4274
9.805,-0.31276
9.81,-0.17711
9.815,-0.022606
9.82,0.12612
9.825,0.22762
9.83,0.26362
9.835,0.26878
9.84,0.2951
9.845,0.35328
9.85,0.41383
9.855,0.4562
9.86,0.48
9.865,0.48201
9.87,0.46131
9.875,0.42834
9.88,0.39422
9.885,0.36581
9.89,0.34588
9.895,0.33196
9.9,0.32001
9.905,0.30876
9.91,0.29728
9.915,0.28282
9.92,0.26639
9.925,0.25369
9.93,0.24974
9.935,0.25427
9.94,0.26196
9.945,0.26939
9.95,0.27654
9.955,0.28218
9.96,0.28558
9.965,0.28817
9.97,0.29059
9.975,0.29161
9.98,0.28934
9.985,0.28205
9.99,0.26857
9.995,0.24865
10,0.22361
10.005,0.19634
10.01,0.16933
10.015,0.14275
10.02,0.11544
10.025,0.0867
10.03,0.056147
10.035,0.022847
10.04,-0.01457
10.045,-0.057484
10.05,-0.10873
10.055,-0.16936
10.06,-0.22992
10.065,-0.27533
10.07,-0.30308
10.075,-0.32543
10.08,-0.35294
10.085,-0.38269
10.09,-0.40139
10.095,-0.39978
10.1,-0.38344
10.105,-0.36769
10.11,-0.36438
10.115,-0.37515
10.12,-0.39617
10.125,-0.42401
10.13,-0.45596
10.135,-0.48917
10.14,-0.51452
10.145,-0.51649
10.15,-0.49016
10.155,-0.44746
10.16,-0.40198
10.165,-0.3595
10.17,-0.3211
10.175,-0.28347
10.18,-0.24071
10.185,-0.19469
10.19,-0.15862
10.195,-0.14675
10.2,-0.16232
10.205,-0.1948
10.21,-0.22942
10.215,-0.25631
10.22,-0.27155
10.225,-0.27515
10.23,-0.26814
10.235,-0.25325
10.24,-0.23551
10.245,-0.21816
10.25,-0.20011
10.255,-0.17669
10.26,-0.1433
10.265,-0.099918
10.27,-0.050929
10.275,-0.0012363
10.28,0.046622
10.285,0.09137
10.29,0.13088
10.295,0.16336
10.3,0.18884
10.305,0.20816
10.31,0.22199
10.315,0.23082
10.32,0.23526
10.325,0.23647
10.33,0.23493
10.335,0.22898
10.34,0.21626
10.345,0.19713
10.35,0.17353
10.355,0.14265
10.36,0.097711
10.365,0.03798
10.37,-0.027723
10.375,-0.0875
10.38,-0.13151
10.385,-0.15399
10.39,-0.15493
10.395,-0.1389
10.4,-0.11251
10.405,-0.083627
10.41,-0.057745
10.415,-0.034297
10.42,-0.010669
10.425,0.013308
10.43,0.035938
10.435,0.054566
10.44,0.066527
10.445,0.070814
10.45,0.068804
10.455,0.063455
10.46,0.057184
10.465,0.050377
10.47,0.043174
10.475,0.037621
10.48,0.036121
10.485,0.039349
10.49,0.04607
10.495,0.054784
10.5,0.06529
10.505,0.077944
10.51,0.093531
10.515,0.11271
10.52,0.13388
10.525,0.15383
10.53,0.16981
10.535,0.18016
10.54,0.18425
10.545,0.18205
10.55,0.17357
10.555,0.15968
10.56,0.14325
10.565,0.12815
10.57,0.11774
10.575,0.11361
10.58,0.11494
10.585,0.11832
10.59,0.11765
10.595,0.10704
10.6,0.08482
10.605,0.0552
10.61,0.026436
10.615,0.0064295
10.62,-0.00076297
10.625,0.0038012
10.63,0.015914
10.635,0.031313
10.64,0.045655
10.645,0.052783
10.65,0.045918
10.655,0.023936
10.66,-0.0057416
10.665,-0.034324
10.67,-0.057925
10.675,-0.076124
10.68,-0.089228
10.685,-0.09779
10.69,-0.1033
10.695,-0.10815
10.7,-0.11425
10.705,-0.12144
10.71,-0.1278
10.715,-0.13238
10.72,-0.13629
10.725,-0.13898
10.73,-0.13739
10.735,-0.1312
10.74,-0.12367
10.745,-0.1175
10.75,-0.1138
10.755,-0.11249
10.76,-0.11262
10.765,-0.11216
10.77,-0.1079
10.775,-0.096632
10.78,-0.07562
10.785,-0.045154
10.79,-0.010861
10.795,0.020084
10.8,0.044107
10.805,0.062333
10.81,0.077428
10.815,0.09087
10.82,0.1036
10.825,0.11679
10.83,0.13124
10.835,0.14635
10.84,0.16089
10.845,0.17472
10.85,0.18793
10.855,0.19962
10.86,0.20847
10.865,0.2132
10.87,0.21159
10.875,0.20074
10.88,0.18008
10.885,0.15306
10.89,0.12459
10.895,0.098175
10.9,0.075928
10.905,0.058464
10.91,0.044388
10.915,0.031861
10.92,0.020215
10.925,0.010375
10.93,0.0046009
10.935,0.0050342
10.94,0.012192
10.945,0.024233
10.95,0.037891
10.955,0.050738
10.96,0.062007
10.965,0.071475
10.97,0.077862
10.975,0.078694
10.98,0.072139
10.985,0.058697
10.99,0.040874
10.995,0.021199
11,0.0011375
11.005,-0.018616
11.01,-0.037628
11.015,-0.055067
11.02,-0.069964
11.025,-0.081845
11.03,-0.090676
11.035,-0.096732
11.04,-0.099927
11.045,-0.099626
11.05,-0.095142
11.055,-0.085732
11.06,-0.071535
11.065,-0.054986
11.07,-0.041118
11.075,-0.03556
11.08,-0.040678
11.085,-0.054563
11.09,-0.073048
11.095,-0.091873
11.1,-0.10926
11.105,-0.12607
11.11,-0.14286
11.115,-0.1583
11.12,-0.16972
11.125,-0.17488
11.13,-0.1739
11.135,-0.16881
11.14,-0.16131
11.145,-0.15194
11.15,-0.14141
11.155,-0.13182
11.16,-0.12538
11.165,-0.12247
11.17,-0.12148
11.175,-0.11967
11.18,-0.11434
11.185,-0.10436
11.19,-0.09067
11.195,-0.074834
11.2,-0.057425
11.205,-0.038479
11.21,-0.018434
11.215,0.0015134
11.22,0.019915
11.225,0.035987
11.23,0.049548
11.235,0.060208
11.24,0.067101
11.245,0.069665
11.25,0.068826
11.255,0.067948
11.26,0.069451
11.265,0.070189
11.27,0.066232
11.275,0.057985
11.28,0.046675
11.285,0.032753
11.29,0.016932
11.295,0.00022774
11.3,-0.014086
11.305,-0.021906
11.31,-0.023486
11.315,-0.022546
11.32,-0.021614
11.325,-0.020988
11.33,-0.019722
11.335,-0.017211
11.34,-0.013903
11.345,-0.010383
11.35,-0.007264
11.355,-0.0052416
11.36,-0.0045167
11.365,-0.0053881
11.37,-0.0088472
11.375,-0.013822
11.38,-0.014549
11.385,-0.0040285
11.39,0.019902
11.395,0.051562
11.4,0.079495
11.405,0.093586
11.41,0.091445
11.415,0.077894
11.42,0.059905
11.425,0.04287
11.43,0.029798
11.435,0.021878
11.44,0.018792
11.445,0.018739
11.45,0.019742
11.455,0.021477
11.46,0.025379
11.465,0.032414
11.47,0.040902
11.475,0.048007
11.48,0.051557
11.485,0.049114
11.49,0.038705
11.495,0.020945
11.5,-0.0016421
11.505,-0.027278
11.51,-0.056149
11.515,-0.089379
11.52,-0.12706
11.525,-0.1657
11.53,-0.19795
11.535,-0.21634
11.54,-0.21682
11.545,-0.20043
11.55,-0.17334
11.555,-0.14385
11.56,-0.11821
11.565,-0.098492
11.57,-0.083461
11.575,-0.071172
11.58,-0.061604
11.585,-0.056986
11.59,-0.059362
11.595,-0.068537
11.6,-0.081386
11.605,-0.092496
11.61,-0.096782
11.615,-0.092108
11.62,-0.079508
11.625,-0.061717
11.63,-0.041577
11.635,-0.020704
11.64,0.00051169
11.645,0.021824
11.65,0.042895
11.655,0.063008
11.66,0.080289
11.665,0.09234
11.67,0.098441
11.675,0.10074
11.68,0.10253
11.685,0.10595
11.69,0.11153
11.695,0.11922
11.7,0.12954
11.705,0.1432
11.71,0.15964
11.715,0.17718
11.72,0.19398
11.725,0.20793
11.73,0.21688
11.735,0.21936
11.74,0.21442
11.745,0.20214
11.75,0.18424
11.755,0.16343
11.76,0.14274
11.765,0.12496
11.77,0.11235
11.775,0.10655
11.78,0.10782
11.785,0.11523
11.79,0.12732
11.795,0.14208
11.8,0.15727
11.805,0.17074
11.81,0.18047
11.815,0.18464
11.82,0.18254
11.825,0.17528
11.83,0.16532
11.835,0.15552
11.84,0.1475
11.845,0.14047
11.85,0.13173
11.855,0.11805
11.86,0.097521
11.865,0.071119
11.87,0.042043
11.875,0.013233
11.88,-0.014356
11.885,-0.040916
11.89,-0.065807
11.895,-0.087271
11.9,-0.10392
11.905,-0.11557
11.91,-0.1231
11.915,-0.1291
11.92,-0.13731
11.925,-0.14959
11.93,-0.16423
11.935,-0.17794
11.94,-0.18852
11.945,-0.19549
11.95,-0.19838
11.955,-0.1959
11.96,-0.18767
11.965,-0.1748
11.97,-0.15879
11.975,-0.14143
11.98,-0.1247
11.985,-0.10989
11.99,-0.097784
11.995,-0.088669
12,-0.081256
12.005,-0.073485
12.01,-0.064654
12.015,-0.0558
12.02,-0.048544
12.025,-0.043653
12.03,-0.0404
12.035,-0.037291
12.04,-0.032952
12.045,-0.02651
12.05,-0.017822
12.055,-0.0074439
12.06,0.0037745
12.065,0.015378
12.07,0.027691
12.075,0.041359
12.08,0.056756
12.085,0.073959
12.09,0.092493
12.095,0.11099
12.1,0.12788
12.105,0.14225
12.11,0.15382
12.115,0.16245
12.12,0.16812
12.125,0.171
12.13,0.17189
12.135,0.17215
12.14,0.17261
12.145,0.17298
12.15,0.17158
12.155,0.165
12.16,0.14973
12.165,0.12507
12.17,0.094507
12.175,0.064159
12.18,0.039754
12.185,0.02423
12.19,0.016644
12.195,0.013247
12.2,0.0099281
12.205,0.0043282
12.21,-0.0044509
12.215,-0.017692
12.22,-0.035896
12.225,-0.057483
12.23,-0.079656
12.235,-0.099341
12.24,-0.11509
12.245,-0.12733
12.25,-0.13791
12.255,-0.15036
12.26,-0.16784
12.265,-0.19114
12.27,-0.21804
12.275,-0.24275
12.28,-0.25793
12.285,-0.25911
12.29,-0.24814
12.295,-0.23136
12.3,-0.21457
12.305,-0.20067
12.31,-0.18956
12.315,-0.17918
12.32,-0.16731
12.325,-0.15275
12.33,-0.13607
12.335,-0.11932
12.34,-0.10455
12.345,-0.092246
12.35,-0.081089
12.355,-0.069031
12.36,-0.055042
12.365,-0.040158
12.37,-0.02703
12.375,-0.018547
12.38,-0.016303
12.385,-0.019633
12.39,-0.026003
12.395,-0.032834
12.4,-0.038498
12.405,-0.041393
12.41,-0.040409
12.415,-0.036025
12.42,-0.029137
12.425,-0.020344
12.43,-0.010273
12.435,0.00088848
12.44,0.013216
12.445,0.026139
12.45,0.038435
12.455,0.048955
12.46,0.057036
12.465,0.062386
12.47,0.064968
12.475,0.065199
12.48,0.063864
12.485,0.061599
12.49,0.058793
12.495,0.055604
12.5,0.051536
12.505,0.04559
12.51,0.036874
12.515,0.024888
12.52,0.010309
12.525,-0.0044957
12.53,-0.016271
12.535,-0.022155
12.54,-0.021001
12.545,-0.013893
12.55,-0.0035763
12.555,0.0067886
12.56,0.014879
12.565,0.01907
12.57,0.018567
12.575,0.014511
12.58,0.008747
12.585,0.0011179
12.59,-0.0098803
12.595,-0.024292
12.6,-0.040256
12.605,-0.054496
12.61,-0.06319
12.615,-0.064662
12.62,-0.060067
12.625,-0.051112
12.63,-0.038769
12.635,-0.023416
12.64,-0.0052971
12.645,0.014565
12.65,0.033795
12.655,0.049888
12.66,0.062207
12.665,0.071693
12.67,0.078841
12.675,0.083389
12.68,0.085451
12.685,0.08571
12.69,0.085025
12.695,0.084317
12.7,0.084185
12.705,0.084797
12.71,0.086213
12.715,0.088702
12.72,0.092634
12.725,0.097966
12.73,0.10444
12.735,0.11164
12.74,0.11882
12.745,0.12515
12.75,0.12951
12.755,0.13087
12.76,0.12892
12.765,0.12402
12.77,0.11672
12.775,0.10776
12.78,0.097983
12.785,0.087629
12.79,0.076341
12.795,0.063805
12.8,0.050005
12.805,0.035426
12.81,0.02063
12.815,0.0059373
12.82,-0.0088338
12.825,-0.024393
12.83,-0.041559
12.835,-0.060884
12.84,-0.082119
12.845,-0.10444
12.85,-0.12587
12.855,-0.14226
12.86,-0.15079
12.865,-0.15484
12.87,-0.16055
12.875,-0.16775
12.88,-0.17067
12.885,-0.16744
12.89,-0.16164
12.895,-0.15563
12.9,-0.14848
12.905,-0.13932
12.91,-0.12928
12.915,-0.12048
12.92,-0.11386
12.925,-0.10866
12.93,-0.10363
12.935,-0.097679
12.94,-0.090391
12.945,-0.082761
12.95,-0.075817
12.955,-0.068896
12.96,-0.060421
12.965,-0.04935
12.97,-0.035779
12.975,-0.020757
12.98,-0.005215
12.985,0.010567
12.99,0.026807
12.995,0.044255
13,0.063147
13.005,0.081921
13.01,0.098113
13.015,0.10991
13.02,0.11613
13.025,0.11587
13.03,0.10917
13.035,0.097538
13.04,0.083549
13.045,0.069776
13.05,0.058328
13.055,0.050638
13.06,0.047509
13.065,0.049804
13.07,0.057841
13.075,0.070816
13.08,0.087698
13.085,0.10662
13.09,0.12504
13.095,0.14195
13.1,0.15712
13.105,0.16853
13.11,0.17341
13.115,0.17084
13.12,0.16132
13.125,0.14624
13.13,0.12836
13.135,0.11004
13.14,0.092103
13.145,0.075146
13.15,0.059294
13.155,0.044147
13.16,0.02975
13.165,0.016524
13.17,0.0047344
13.175,-0.0058796
13.18,-0.016286
13.185,-0.027166
13.19,-0.037546
13.195,-0.045462
13.2,-0.050044
13.205,-0.052326
13.21,-0.053889
13.215,-0.055165
13.22,-0.055093
13.225,-0.051448
13.23,-0.041885
13.235,-0.025789
13.24,-0.0051593
13.245,0.016518
13.25,0.036326
13.255,0.052603
13.26,0.064585
13.265,0.072154
13.27,0.075405
13.275,0.074597
13.28,0.070264
13.285,0.063339
13.29,0.055182
13.295,0.046848
13.3,0.038846
13.305,0.031617
13.31,0.025602
13.315,0.020981
13.32,0.017445
13.325,0.014506
13.33,0.011964
13.335,0.0097274
13.34,0.0077919
13.345,0.0068482
13.35,0.0077889
13.355,0.010402
13.36,0.013715
13.365,0.017132
13.37,0.020119
13.375,0.021142
13.38,0.018071
13.385,0.010087
13.39,-0.0012672
13.395,-0.012939
13.4,-0.022408
13.405,-0.028815
13.41,-0.032027
13.415,-0.031872
13.42,-0.028645
13.425,-0.023024
13.43,-0.015375
13.435,-0.0062705
13.44,0.0025451
13.445,0.0082636
13.45,0.0078826
13.455,-0.00044169
13.46,-0.016343
13.465,-0.037239
13.47,-0.059451
13.475,-0.079905
13.48,-0.097014
13.485,-0.11054
13.49,-0.12104
13.495,-0.1294
13.5,-0.13645
13.505,-0.14252
13.51,-0.14753
13.515,-0.1513
13.52,-0.15327
13.525,-0.1524
13.53,-0.14808
13.535,-0.14106
13.54,-0.133
13.545,-0.12517
13.55,-0.11768
13.555,-0.10937
13.56,-0.098935
13.565,-0.085856
13.57,-0.070374
13.575,-0.053384
13.58,-0.036153
13.585,-0.019536
13.59,-0.003711
13.595,0.011542
13.6,0.026538
13.605,0.041264
13.61,0.054889
13.615,0.065907
13.62,0.073054
13.625,0.075961
13.63,0.075127
13.635,0.072075
13.64,0.069155
13.645,0.068178
13.65,0.069271
13.655,0.071142
13.66,0.071963
13.665,0.070129
13.67,0.06508
13.675,0.05745
13.68,0.048332
13.685,0.039092
13.69,0.031289
13.695,0.026215
13.7,0.024589
13.705,0.026221
13.71,0.030316
13.715,0.036152
13.72,0.042957
13.725,0.049906
13.73,0.056614
13.735,0.06301
13.74,0.068446
13.745,0.071579
13.75,0.071637
13.755,0.069333
13.76,0.066528
13.765,0.065119
13.77,0.066093
13.775,0.069401
13.78,0.074084
13.785,0.078657
13.79,0.081827
13.795,0.082993
13.8,0.082215
13.805,0.079943
13.81,0.077081
13.815,0.074504
13.82,0.072154
13.825,0.069336
13.83,0.065624
13.835,0.060893
13.84,0.054943
13.845,0.047785
13.85,0.03996
13.855,0.03237
13.86,0.025793
13.865,0.02023
13.87,0.015336
13.875,0.011536
13.88,0.0098699
13.885,0.010639
13.89,0.012903
13.895,0.015276
13.9,0.016292
13.905,0.014689
13.91,0.010134
13.915,0.0032925
13.92,-0.004809
13.925,-0.013094
13.93,-0.020215
13.935,-0.024971
13.94,-0.02704
13.945,-0.026793
13.95,-0.024781
13.955,-0.021723
13.96,-0.018597
13.965,-0.016185
13.97,-0.014701
13.975,-0.014121
13.98,-0.014662
13.985,-0.016863
13.99,-0.021324
13.995,-0.028396
14,-0.037909
14.005,-0.048928
14.01,-0.05974
14.015,-0.068537
14.02,-0.074237
14.025,-0.076602
14.03,-0.076208
14.035,-0.074344
14.04,-0.072588
14.045,-0.072271
14.05,-0.073818
14.055,-0.076491
14.06,-0.078991
14.065,-0.080491
14.07,-0.081067
14.075,-0.081244
14.08,-0.081484
14.085,-0.081905
14.09,-0.082293
14.095,-0.082363
14.1,-0.082002
14.105,-0.081379
14.11,-0.080667
14.115,-0.079942
14.12,-0.079492
14.125,-0.079929
14.13,-0.081984
14.135,-0.085988
14.14,-0.091537
14.145,-0.097614
14.15,-0.10257
14.155,-0.10411
14.16,-0.10006
14.165,-0.089879
14.17,-0.07525
14.175,-0.058686
14.18,-0.042084
14.185,-0.026556
14.19,-0.012922
14.195,-0.0020399
14.2,0.0054254
14.205,0.0091261
14.21,0.0091462
14.215,0.0066265
14.22,0.0037066
14.225,0.0023531
14.23,0.0033478
14.235,0.0066413
14.24,0.011936
14.245,0.018502
14.25,0.0258
14.255,0.033625
14.26,0.041259
14.265,0.047658
14.27,0.051779
14.275,0.05302
14.28,0.051383
14.285,0.047132
14.29,0.041053
14.295,0.034299
14.3,0.027853
14.305,0.022461
14.31,0.019277
14.315,0.020047
14.32,0.025682
14.325,0.035423
14.33,0.047384
14.335,0.05958
14.34,0.070726
14.345,0.080187
14.35,0.087641
14.355,0.092498
14.36,0.093602
14.365,0.090019
14.37,0.082061
14.375,0.071543
14.38,0.06113
14.385,0.053131
14.39,0.048383
14.395,0.046321
14.4,0.046011
14.405,0.046762
14.41,0.048163
14.415,0.049842
14.42,0.051001
14.425,0.050535
14.43,0.047954
14.435,0.043771
14.44,0.038898
14.445,0.033655
14.45,0.027506
14.455,0.019988
14.46,0.011451
14.465,0.0031904
14.47,-0.0030063
14.475,-0.0061549
14.48,-0.0069147
14.485,-0.0071564
14.49,-0.0087282
14.495,-0.012449
14.5,-0.017981
14.505,-0.024262
14.51,-0.030123
14.515,-0.034653
14.52,-0.03755
14.525,-0.039431
14.53,-0.04106
14.535,-0.042364
14.54,-0.042689
14.545,-0.041456
14.55,-0.038613
14.555,-0.035162
14.56,-0.033081
14.565,-0.034298
14.57,-0.039386
14.575,-0.047393
14.58,-0.056789
14.585,-0.066348
14.59,-0.075476
14.595,-0.08365
14.6,-0.089655
14.605,-0.091617
14.61,-0.08795
14.615,-0.078605
14.62,-0.065446
14.625,-0.051623
14.63,-0.040088
14.635,-0.032426
14.64,-0.029115
14.645,-0.029763
14.65,-0.032995
14.655,-0.03711
14.66,-0.040733
14.665,-0.042878
14.67,-0.042846
14.675,-0.039839
14.68,-0.032986
14.685,-0.022096
14.69,-0.0081305
14.695,0.0069103
14.7,0.020673
14.705,0.031457
14.71,0.03868
14.715,0.04306
14.72,0.046438
14.725,0.0505
14.73,0.055357
14.735,0.059525
14.74,0.061343
14.745,0.060428
14.75,0.057669
14.755,0.054128
14.76,0.050322
14.765,0.046178
14.77,0.04144
14.775,0.036132
14.78,0.03047
14.785,0.0245
14.79,0.018398
14.795,0.013145
14.8,0.010229
14.805,0.010508
14.81,0.01374
14.815,0.018895
14.82,0.024569
14.825,0.029327
14.83,0.032023
14.835,0.032312
14.84,0.030857
14.845,0.028643
14.85,0.026254
14.855,0.023725
14.86,0.020946
14.865,0.018087
14.87,0.015584
14.875,0.01391
14.88,0.013201
14.885,0.013008
14.89,0.012658
14.895,0.011761
14.9,0.010231
14.905,0.0076994
14.91,0.0032902
14.915,-0.0035645
14.92,-0.012492
14.925,-0.022393
14.93,-0.03205
14.935,-0.040875
14.94,-0.048929
14.945,-0.056241
14.95,-0.062308
14.955,-0.066164
14.96,-0.067202
14.965,-0.065894
14.97,-0.063691
14.975,-0.062094
14.98,-0.061668
14.985,-0.061976
14.99,-0.061721
14.995,-0.059482
15,-0.05498
15.005,-0.049042
15.01,-0.042654
15.015,-0.036292
15.02,-0.030024
15.025,-0.023933
15.03,-0.018155
15.035,-0.013064
15.04,-0.0091846
15.045,-0.0066855
15.05,-0.0050407
15.055,-0.0030902
15.06,0.0001338
15.065,0.004673
15.07,0.0096739
15.075,0.013974
15.08,0.016823
15.085,0.018223
15.09,0.019126
15.095,0.020941
15.1,0.024313
15.105,0.028566
15.11,0.032265
15.115,0.034327
15.12,0.034433
15.125,0.0327
15.13,0.029487
15.135,0.025192
15.14,0.020293
15.145,0.015625
15.15,0.0125
15.155,0.012537
15.16,0.016533
15.165,0.023597
15.17,0.03182
15.175,0.039287
15.18,0.044731
15.185,0.047895
15.19,0.049291
15.195,0.049215
15.2,0.046891
15.205,0.041102
15.21,0.03152
15.215,0.019097
15.22,0.005483
15.225,-0.0076188
15.23,-0.018973
15.235,-0.02832
15.24,-0.035983
15.245,-0.041846
15.25,-0.044923
15.255,-0.043897
15.26,-0.038147
15.265,-0.028296
15.27,-0.016365
15.275,-0.0049665
15.28,0.0042479
15.285,0.011182
15.29,0.016793
15.295,0.021914
15.3,0.026514
15.305,0.029924
15.31,0.031296
15.315,0.030291
15.32,0.027077
15.325,0.021618
15.33,0.013497
15.335,0.0023718
15.34,-0.011429
15.345,-0.027056
15.35,-0.043544
15.355,-0.059457
15.36,-0.072669
15.365,-0.080852
15.37,-0.082133
15.375,-0.075586
15.38,-0.061565
15.385,-0.041847
15.39,-0.019213
15.395,0.0036226
15.4,0.024732
15.405,0.042717
15.41,0.056251
15.415,0.064008
15.42,0.064886
15.425,0.058616
15.43,0.046635
15.435,0.031916
15.44,0.017393
15.445,0.0047571
15.45,-0.0052909
15.455,-0.012279
15.46,-0.016005
15.465,-0.016728
15.47,-0.014973
15.475,-0.011432
15.48,-0.0066674
15.485,-0.0011871
15.49,0.0039959
15.495,0.0075236
15.5,0.0088221
15.505,0.0088309
15.51,0.0092163
15.515,0.01133
15.52,0.015765
15.525,0.02217
15.53,0.02943
15.535,0.035932
15.54,0.039882
15.545,0.040163
15.55,0.03719
15.555,0.032732
15.56,0.028886
15.565,0.026943
15.57,0.026621
15.575,0.026473
15.58,0.025127
15.585,0.022686
15.59,0.020897
15.595,0.021551
15.6,0.025506
15.605,0.032316
15.61,0.040072
15.615,0.046828
15.62,0.051602
15.625,0.05406
15.63,0.054421
15.635,0.053213
15.64,0.050993
15.645,0.048434
15.65,0.046307
15.655,0.045294
15.66,0.045719
15.665,0.047411
15.67,0.049676
15.675,0.051377
15.68,0.051189
15.685,0.048111
15.69,0.041965
15.695,0.033392
15.7,0.023724
15.705,0.014526
15.71,0.0070719
15.715,0.0021409
15.72,-0.00032144
15.725,-0.00093087
15.73,-0.00026268
15.735,0.0015382
15.74,0.0048671
15.745,0.0099122
15.75,0.016135
15.755,0.022436
15.76,0.027514
15.765,0.030362
15.77,0.030453
15.775,0.027695
15.78,0.022294
15.785,0.014836
15.79,0.0062742
15.795,-0.0025641
15.8,-0.011133
15.805,-0.01925
15.81,-0.027072
15.815,-0.034853
15.82,-0.042826
15.825,-0.05096
15.83,-0.058959
15.835,-0.066316
15.84,-0.072347
15.845,-0.076449
15.85,-0.078282
15.855,-0.078069
15.86,-0.07639
15.865,-0.07359
15.87,-0.069764
15.875,-0.064951
15.88,-0.059355
15.885,-0.053385
15.89,-0.04765
15.895,-0.042981
15.9,-0.039908
15.905,-0.038424
15.91,-0.038298
15.915,-0.039339
15.92,-0.04145
15.925,-0.044184
15.93,-0.046791
15.935,-0.048782
15.94,-0.049887
15.945,-0.049893
15.95,-0.04877
15.955,-0.046837
15.96,-0.044772
15.965,-0.043266
15.97,-0.042744
15.975,-0.043202
15.98,-0.044193
15.985,-0.045113
15.99,-0.045426
15.995,-0.044928
16,-0.043826
16.005,-0.042288
16.01,-0.040185
16.015,-0.037186
16.02,-0.03316
16.025,-0.028629
16.03,-0.024558
16.035,-0.021858
16.04,-0.021032
16.045,-0.021867
16.05,-0.023412
16.055,-0.024473
16.06,-0.024522
16.065,-0.023958
16.07,-0.023271
16.075,-0.022571
16.08,-0.021679
16.085,-0.020259
16.09,-0.01817
16.095,-0.015605
16.1,-0.012779
16.105,-0.0094884
16.11,-0.0048457
16.115,0.0022257
16.12,0.011893
16.125,0.022857
16.13,0.032994
16.135,0.040351
16.14,0.043718
16.145,0.042871
16.15,0.038477
16.155,0.031564
16.16,0.023014
16.165,0.013773
16.17,0.0050796
16.175,-0.0019892
16.18,-0.0067588
16.185,-0.0088046
16.19,-0.0079044
16.195,-0.0041183
16.2,0.0020879
16.205,0.0098686
16.21,0.018318
16.215,0.02672
16.22,0.034256
16.225,0.039822
16.23,0.042472
16.235,0.042077
16.24,0.039875
16.245,0.038019
16.25,0.038017
16.255,0.039662
16.26,0.041563
16.265,0.042541
16.27,0.042366
16.275,0.041474
16.28,0.040651
16.285,0.040847
16.29,0.042612
16.295,0.045796
16.3,0.049934
16.305,0.054882
16.31,0.060809
16.315,0.067519
16.32,0.074189
16.325,0.07941
16.33,0.081588
16.335,0.079737
16.34,0.073874
16.345,0.065239
16.35,0.055719
16.355,0.046819
16.36,0.039253
16.365,0.03291
16.37,0.027436
16.375,0.022671
16.38,0.018583
16.385,0.015248
16.39,0.012696
16.395,0.010973
16.4,0.010254
16.405,0.01075
16.41,0.012594
16.415,0.015495
16.42,0.018744
16.425,0.021674
16.43,0.023883
16.435,0.025348
16.44,0.026542
16.445,0.027848
16.45,0.028824
16.455,0.028408
16.46,0.025365
16.465,0.018627
16.47,0.007647
16.475,-0.0074265
16.48,-0.025471
16.485,-0.044459
16.49,-0.06221
16.495,-0.077064
16.5,-0.088041
16.505,-0.094826
16.51,-0.09788
16.515,-0.098209
16.52,-0.096776
16.525,-0.094085
16.53,-0.090282
16.535,-0.085563
16.54,-0.080377
16.545,-0.07542
16.55,-0.071719
16.555,-0.070541
16.56,-0.072703
16.565,-0.078072
16.57,-0.085537
16.575,-0.093268
16.58,-0.099695
16.585,-0.10406
16.59,-0.10592
16.595,-0.10487
16.6,-0.10037
16.605,-0.091875
16.61,-0.079339
16.615,-0.063591
16.62,-0.046129
16.625,-0.028519
16.63,-0.011925
16.635,0.0030471
16.64,0.016157
16.645,0.027091
16.65,0.035263
16.655,0.040272
16.66,0.042571
16.665,0.043222
16.67,0.043257
16.675,0.043305
16.68,0.043555
16.685,0.04426
16.69,0.045557
16.695,0.047045
16.7,0.047923
16.705,0.047113
16.71,0.044137
16.715,0.039532
16.72,0.034322
16.725,0.02993
16.73,0.02776
16.735,0.028398
16.74,0.031194
16.745,0.034748
16.75,0.038027
16.755,0.04106
16.76,0.044849
16.765,0.049843
16.77,0.054852
16.775,0.058126
16.78,0.058745
16.785,0.057137
16.79,0.05447
16.795,0.051783
16.8,0.049543
16.805,0.047711
16.81,0.046249
16.815,0.045291
16.82,0.045123
16.825,0.045826
16.83,0.047009
16.835,0.04811
16.84,0.048449
16.845,0.047559
16.85,0.045383
16.855,0.041879
16.86,0.036889
16.865,0.030031
16.87,0.021041
16.875,0.010218
16.88,-0.0016244
16.885,-0.013422
16.89,-0.024265
16.895,-0.033177
16.9,-0.039053
16.905,-0.041395
16.91,-0.041047
16.915,-0.040086
16.92,-0.040399
16.925,-0.042616
16.93,-0.045882
16.935,-0.048069
16.94,-0.046911
16.945,-0.041142
16.95,-0.031105
16.955,-0.018526
16.96,-0.0053247
16.965,0.0073048
16.97,0.019031
16.975,0.03007
16.98,0.040579
16.985,0.05005
16.99,0.057022
16.995,0.059613
17,0.056788
17.005,0.048981
17.01,0.037715
17.015,0.024957
17.02,0.012575
17.025,0.0022046
17.03,-0.0048725
17.035,-0.0080705
17.04,-0.0073328
17.045,-0.0030602
17.05,0.0035083
17.055,0.010437
17.06,0.015894
17.065,0.018627
17.07,0.018079
17.075,0.014699
17.08,0.0098049
17.085,0.0047143
17.09,-0.00011694
17.095,-0.004922
17.1,-0.0095024
17.105,-0.012882
17.11,-0.014156
17.115,-0.013338
17.12,-0.011472
17.125,-0.010123
17.13,-0.010796
17.135,-0.014183
17.14,-0.019736
17.145,-0.026081
17.15,-0.031717
17.155,-0.035973
17.16,-0.039513
17.165,-0.043578
17.17,-0.048888
17.175,-0.055012
17.18,-0.06054
17.185,-0.063947
17.19,-0.064455
17.195,-0.06259
17.2,-0.059899
17.205,-0.057896
17.21,-0.057287
17.215,-0.058024
17.22,-0.059797
17.225,-0.062147
17.23,-0.064392
17.235,-0.065769
17.24,-0.065508
17.245,-0.063125
17.25,-0.058745
17.255,-0.05281
17.26,-0.045806
17.265,-0.038277
17.27,-0.030807
17.275,-0.024007
17.28,-0.018458
17.285,-0.014635
17.29,-0.012829
17.295,-0.013031
17.3,-0.014668
17.305,-0.016543
17.31,-0.017363
17.315,-0.016354
17.32,-0.013472
17.325,-0.009118
17.33,-0.0037943
17.335,0.0017401
17.34,0.0065604
17.345,0.010085
17.35,0.012208
17.355,0.012941
17.36,0.011957
17.365,0.0086721
17.37,0.0027897
17.375,-0.0052927
17.38,-0.01442
17.385,-0.022914
17.39,-0.028932
17.395,-0.030999
17.4,-0.028605
17.405,-0.022515
17.41,-0.014291
17.415,-0.0053475
17.42,0.0035614
17.425,0.012352
17.43,0.021174
17.435,0.029675
17.44,0.036907
17.445,0.042135
17.45,0.045648
17.455,0.048473
17.46,0.051323
17.465,0.054045
17.47,0.055754
17.475,0.055372
17.48,0.052184
17.485,0.045948
17.49,0.036786
17.495,0.025289
17.5,0.012572
17.505,-0.0001705
17.51,-0.012064
17.515,-0.022427
17.52,-0.030461
17.525,-0.035345
17.53,-0.036743
17.535,-0.034609
17.54,-0.029136
17.545,-0.021205
17.55,-0.011941
17.555,-0.0024727
17.56,0.0061403
17.565,0.013382
17.57,0.019389
17.575,0.024887
17.58,0.030546
17.585,0.036583
17.59,0.042735
17.595,0.04839
17.6,0.053314
17.605,0.057581
17.61,0.061119
17.615,0.063503
17.62,0.064122
17.625,0.062663
17.63,0.058955
17.635,0.053407
17.64,0.047223
17.645,0.041703
17.65,0.037858
17.655,0.035922
17.66,0.035418
17.665,0.03543
17.67,0.035024
17.675,0.033727
17.68,0.031229
17.685,0.027504
17.69,0.022589
17.695,0.016444
17.7,0.0093046
17.705,0.0013395
17.71,-0.0070697
17.715,-0.015328
17.72,-0.022896
17.725,-0.029349
17.73,-0.034846
17.735,-0.039651
17.74,-0.043499
17.745,-0.045417
17.75,-0.044125
17.755,-0.039051
17.76,-0.030708
17.765,-0.020739
17.77,-0.011349
17.775,-0.0043901
17.78,-0.00088245
17.785,-0.00077889
17.79,-0.0035654
17.795,-0.0088794
17.8,-0.016539
17.805,-0.026233
17.81,-0.03699
17.815,-0.047151
17.82,-0.054842
17.825,-0.058537
17.83,-0.057412
17.835,-0.051617
17.84,-0.04236
17.845,-0.031219
17.85,-0.019437
17.855,-0.007816
17.86,0.0032074
17.865,0.013452
17.87,0.022424
17.875,0.029078
17.88,0.032582
17.885,0.032654
17.89,0.029649
17.895,0.024744
17.9,0.019323
17.905,0.014195
17.91,0.0094635
17.915,0.0050238
17.92,0.0010219
17.925,-0.0020712
17.93,-0.0036244
17.935,-0.0033122
17.94,-0.0012809
17.945,0.0020783
17.95,0.0062903
17.955,0.010821
17.96,0.014976
17.965,0.017939
17.97,0.019015
17.975,0.018036
17.98,0.015588
17.985,0.01267
17.99,0.010198
17.995,0.0086905
18,0.0082944
18.005,0.008871
18.01,0.0099673
18.015,0.011091
18.02,0.011974
18.025,0.012562
18.03,0.01292
18.035,0.013008
18.04,0.012659
18.045,0.011753
18.05,0.01029
18.055,0.0083206
18.06,0.005801
18.065,0.0027839
18.07,-0.00025435
18.075,-0.0024777
18.08,-0.0030676
18.085,-0.0017541
18.09,0.00082467
18.095,0.0034772
18.1,0.0051971
18.105,0.0055398
18.11,0.004618
18.115,0.0028327
18.12,0.00061342
18.125,-0.0015682
18.13,-0.0031894
18.135,-0.0036574
18.14,-0.0023927
18.145,0.00092564
18.15,0.0062975
18.155,0.013338
18.16,0.021268
18.165,0.029083
18.17,0.035842
18.175,0.040996
18.18,0.044231
18.185,0.045321
18.19,0.044307
18.195,0.041491
18.2,0.03729
18.205,0.032049
18.21,0.02608
18.215,0.019779
18.22,0.013369
18.225,0.0067966
18.23,-4.1604e-05
18.235,-0.0070032
18.24,-0.013629
18.245,-0.019285
18.25,-0.023429
18.255,-0.025933
18.26,-0.027036
18.265,-0.027153
18.27,-0.026588
18.275,-0.025277
18.28,-0.023096
18.285,-0.020246
18.29,-0.017307
18.295,-0.014945
18.3,-0.013661
18.305,-0.013786
18.31,-0.015402
18.315,-0.018378
18.32,-0.022299
18.325,-0.026533
18.33,-0.030348
18.335,-0.032687
18.34,-0.032565
18.345,-0.029543
18.35,-0.023772
18.355,-0.015781
18.36,-0.0062251
18.365,0.003834
18.37,0.01324
18.375,0.021329
18.38,0.02784
18.385,0.03256
18.39,0.034834
18.395,0.033807
18.4,0.029279
18.405,0.022013
18.41,0.013419
18.415,0.0049586
18.42,-0.0022739
18.425,-0.0077323
18.43,-0.011409
18.435,-0.013497
18.44,-0.013931
18.445,-0.012483
18.45,-0.0090299
18.455,-0.0033655
18.46,0.0046446
18.465,0.0146
18.47,0.025423
18.475,0.035689
18.48,0.044285
18.485,0.05053
18.49,0.053941
18.495,0.054476
18.5,0.052843
18.505,0.050129
18.51,0.047051
18.515,0.04382
18.52,0.040528
18.525,0.037314
18.53,0.034314
18.535,0.031731
18.54,0.029922
18.545,0.029139
18.55,0.029256
18.555,0.029788
18.56,0.030194
18.565,0.030165
18.57,0.029604
18.575,0.02859
18.58,0.027424
18.585,0.026333
18.59,0.025134
18.595,0.023246
18.6,0.019962
18.605,0.014884
18.61,0.0082137
18.615,0.00065602
18.62,-0.0069408
18.625,-0.014046
18.63,-0.020546
18.635,-0.026425
18.64,-0.031667
18.645,-0.036206
18.65,-0.039938
18.655,-0.043031
18.66,-0.04585
18.665,-0.048445
18.67,-0.050312
18.675,-0.050786
18.68,-0.049513
18.685,-0.046566
18.69,-0.042349
18.695,-0.037352
18.7,-0.032098
18.705,-0.027298
18.71,-0.023842
18.715,-0.022681
18.72,-0.02433
18.725,-0.028462
18.73,-0.03418
18.735,-0.040456
18.74,-0.046414
18.745,-0.051363
18.75,-0.05466
18.755,-0.055682
18.76,-0.054037
18.765,-0.050039
18.77,-0.044784
18.775,-0.039533
18.78,-0.035054
18.785,-0.031467
18.79,-0.028698
18.795,-0.02674
18.8,-0.025492
18.805,-0.024785
18.81,-0.024489
18.815,-0.024611
18.82,-0.025142
18.825,-0.025748
18.83,-0.025847
18.835,-0.024929
18.84,-0.022912
18.845,-0.020371
18.85,-0.018214
18.855,-0.017056
18.86,-0.016848
18.865,-0.016928
18.87,-0.016503
18.875,-0.015004
18.88,-0.01211
18.885,-0.0077524
18.89,-0.001991
18.895,0.0049778
18.9,0.012733
18.905,0.020753
18.91,0.02835
18.915,0.03467
18.92,0.038918
18.925,0.040598
18.93,0.03977
18.935,0.037262
18.94,0.034547
18.945,0.032857
18.95,0.032365
18.955,0.032601
18.96,0.033188
18.965,0.034125
18.97,0.035613
18.975,0.037695
18.98,0.040203
18.985,0.042855
18.99,0.045247
18.995,0.046814
19,0.04685
19.005,0.044759
19.01,0.04044
19.015,0.034478
19.02,0.02778
19.025,0.021049
19.03,0.014599
19.035,0.0084517
19.04,0.0024864
19.045,-0.0033917
19.05,-0.0088884
19.055,-0.0132
19.06,-0.015429
19.065,-0.015095
19.07,-0.012369
19.075,-0.0079806
19.08,-0.0029937
19.085,0.0016778
19.09,0.0057004
19.095,0.0091391
19.1,0.011895
19.105,0.013187
19.11,0.011776
19.115,0.0069588
19.12,-0.00060918
19.125,-0.0089775
19.13,-0.016061
19.135,-0.020804
19.14,-0.023306
19.145,-0.024236
19.15,-0.02416
19.155,-0.023284
19.16,-0.021531
19.165,-0.018728
19.17,-0.014892
19.175,-0.010314
19.18,-0.0053962
19.185,-0.00062133
19.19,0.003298
19.195,0.0054224
19.2,0.0050367
19.205,0.0022865
19.21,-0.0017581
19.215,-0.0056834
19.22,-0.008271
19.225,-0.0089107
19.23,-0.0078929
19.235,-0.0062103
19.24,-0.0049429
19.245,-0.0046357
19.25,-0.0050225
19.255,-0.0052731
19.26,-0.0046329
19.265,-0.0029762
19.27,-0.001012
19.275,-1.152e-05
19.28,-0.00094961
19.285,-0.0038319
19.29,-0.0079783
19.295,-0.012701
19.3,-0.01761
19.305,-0.022713
19.31,-0.02828
19.315,-0.034453
19.32,-0.041014
19.325,-0.047093
19.33,-0.051271
19.335,-0.052436
19.34,-0.050254
19.345,-0.045184
19.35,-0.038338
19.355,-0.030869
19.36,-0.023408
19.365,-0.016253
19.37,-0.0099473
19.375,-0.0053989
19.38,-0.0032409
19.385,-0.0030612
19.39,-0.0036849
19.395,-0.0040884
19.4,-0.0038122
19.405,-0.0029889
19.41,-0.0019954
19.415,-0.001108
19.42,-0.00044949
19.425,1.501e-05
19.43,0.00021109
19.435,-4.3733e-05
19.44,-0.00069854
19.445,-0.0014692
19.45,-0.002066
19.455,-0.0023233
19.46,-0.0020162
19.465,-0.00070664
19.47,0.0020198
19.475,0.0061187
19.48,0.010874
19.485,0.015249
19.49,0.018449
19.495,0.020231
19.5,0.02084
19.505,0.020682
19.51,0.020035
19.515,0.019013
19.52,0.017823
19.525,0.016814
19.53,0.016319
19.535,0.016575
19.54,0.017854
19.545,0.020572
19.55,0.024796
19.555,0.029754
19.56,0.034204
19.565,0.037022
19.57,0.037457
19.575,0.035297
19.58,0.030925
19.585,0.025171
19.59,0.019022
19.595,0.013413
19.6,0.0091358
19.605,0.006634
19.61,0.005665
19.615,0.0053908
19.62,0.0049794
19.625,0.0041705
19.63,0.0034148
19.635,0.0035637
19.64,0.0052386
19.645,0.0083147
19.65,0.012015
19.655,0.015412
19.66,0.017869
19.665,0.019163
19.67,0.019419
19.675,0.019015
19.68,0.018376
19.685,0.017834
19.69,0.017396
19.695,0.016561
19.7,0.014726
19.705,0.011577
19.71,0.0071832
19.715,0.0019342
19.72,-0.0036669
19.725,-0.0090476
19.73,-0.013681
19.735,-0.017195
19.74,-0.019308
19.745,-0.019898
19.75,-0.019011
19.755,-0.016853
19.76,-0.013865
19.765,-0.010615
19.77,-0.0075777
19.775,-0.0049737
19.78,-0.0028276
19.785,-0.0011908
19.79,-0.00027484
19.795,-0.0003966
19.8,-0.0016342
19.805,-0.0036197
19.81,-0.0058053
19.815,-0.0078557
19.82,-0.0099787
19.825,-0.012875
19.83,-0.017025
19.835,-0.022094
19.84,-0.027102
19.845,-0.030979
19.85,-0.033065
19.855,-0.033281
19.86,-0.032014
19.865,-0.029945
19.87,-0.02781
19.875,-0.026142
19.88,-0.025189
19.885,-0.025007
19.89,-0.025527
19.895,-0.026558
19.9,-0.027977
19.905,-0.029787
19.91,-0.03185
19.915,-0.033681
19.92,-0.034556
19.925,-0.03401
19.93,-0.032228
19.935,-0.029813
19.94,-0.027291
19.945,-0.024768
19.95,-0.021935
19.955,-0.018444
19.96,-0.014243
19.965,-0.0096516
19.97,-0.0051643
19.975,-0.0011361
19.98,0.0022398
19.985,0.0048044
19.99,0.0065296
19.995,0.0076478
20,0.0085141
20.005,0.00938
20.01,0.010319
20.015,0.011241
20.02,0.011961
20.025,0.012327
20.03,0.01239
20.035,0.012436
20.04,0.012746
20.045,0.013316
20.05,0.01386
20.055,0.014037
20.06,0.013828
20.065,0.013717
20.07,0.014392
20.075,0.016294
20.08,0.019305
20.085,0.022744
20.09,0.025791
20.095,0.028045
20.1,0.029695
20.105,0.031228
20.11,0.033058
20.115,0.035407
20.12,0.038313
20.125,0.041536
20.13,0.044526
20.135,0.04658
20.14,0.04708
20.145,0.045664
20.15,0.042319
20.155,0.037401
20.16,0.031557
20.165,0.025482
20.17,0.019708
20.175,0.014613
20.18,0.010448
20.185,0.0072722
20.19,0.0050036
20.195,0.0035285
20.2,0.0026766
20.205,0.0021492
20.21,0.0015119
20.215,0.00031989
20.22,-0.0016819
20.225,-0.0044195
20.23,-0.0075743
20.235,-0.010742
20.24,-0.013524
20.245,-0.015622
20.25,-0.016793
20.255,-0.016897
20.26,-0.016022
20.265,-0.014499
20.27,-0.012881
20.275,-0.011607
20.28,-0.010893
20.285,-0.010999
20.29,-0.012162
20.295,-0.014337
20.3,-0.017005
20.305,-0.019317
20.31,-0.020429
20.315,-0.019797
20.32,-0.017465
20.325,-0.013911
20.33,-0.0097526
20.335,-0.0056112
20.34,-0.0019209
20.345,0.0011902
20.35,0.0039748
20.355,0.0068326
20.36,0.0099577
20.365,0.013224
20.37,0.016286
20.375,0.018737
20.38,0.020118
20.385,0.020165
20.39,0.019063
20.395,0.017251
20.4,0.015142
20.405,0.012791
20.41,0.0098638
20.415,0.0060801
20.42,0.0016493
20.425,-0.0026853
20.43,-0.0059811
20.435,-0.0074347
20.44,-0.0066637
20.445,-0.0039052
20.45,0.00015499
20.455,0.0047704
20.46,0.0092953
20.465,0.013068
20.47,0.01545
20.475,0.016161
20.48,0.015496
20.485,0.014091
20.49,0.012584
20.495,0.011564
20.5,0.011423
20.505,0.012133
20.51,0.013249
20.515,0.014128
20.52,0.014207
20.525,0.013016
20.53,0.010224
20.535,0.0058422
20.54,0.00028282
20.545,-0.0057224
20.55,-0.011266
20.555,-0.015452
20.56,-0.017693
20.565,-0.017884
20.57,-0.01634
20.575,-0.013674
20.58,-0.010393
20.585,-0.0065935
20.59,-0.0021204
20.595,0.0031646
20.6,0.0090222
20.605,0.014684
20.61,0.018987
20.615,0.020711
20.62,0.019164
20.625,0.014501
20.63,0.0076551
20.635,6.2281e-05
20.64,-0.0068645
20.645,-0.012201
20.65,-0.015617
20.655,-0.017085
20.66,-0.016584
20.665,-0.01413
20.67,-0.01005
20.675,-0.0051643
20.68,-0.00062081
20.685,0.002442
20.69,0.0033703
20.695,0.0023024
20.7,-0.00015035
20.705,-0.0033886
20.71,-0.0069693
20.715,-0.010482
20.72,-0.013535
20.725,-0.015939
20.73,-0.017631
20.735,-0.018577
20.74,-0.018917
20.745,-0.018956
20.75,-0.019036
20.755,-0.01931
20.76,-0.019704
20.765,-0.020199
20.77,-0.020799
20.775,-0.02138
20.78,-0.021683
20.785,-0.021375
20.79,-0.020362
20.795,-0.018835
20.8,-0.017156
20.805,-0.015884
20.81,-0.015444
20.815,-0.015901
20.82,-0.01707
20.825,-0.018595
20.83,-0.019997
20.835,-0.020753
20.84,-0.020434
20.845,-0.01894
20.85,-0.016607
20.855,-0.013947
20.86,-0.011327
20.865,-0.0088857
20.87,-0.0067452
20.875,-0.0052237
20.88,-0.0046158
20.885,-0.0048899
20.89,-0.0055291
20.895,-0.0055897
20.9,-0.0042243
20.905,-0.0011056
20.91,0.0035277
20.915,0.0090796
20.92,0.014864
20.925,0.020111
20.93,0.023982
20.935,0.025805
20.94,0.025399
20.945,0.023208
20.95,0.020039
20.955,0.016729
20.96,0.013918
20.965,0.011985
20.97,0.0111
20.975,0.011278
20.98,0.012482
20.985,0.014521
20.99,0.016886
20.995,0.018881
21,0.019904
21.005,0.019629
21.01,0.017964
21.015,0.014961
21.02,0.010861
21.025,0.0061605
21.03,0.0014892
21.035,-0.0025866
21.04,-0.0056687
21.045,-0.0076598
21.05,-0.0087043
21.055,-0.0089042
21.06,-0.0082177
21.065,-0.0066379
21.07,-0.0043824
21.075,-0.0019429
21.08,2.8201e-05
21.085,0.001027
21.09,0.00096041
21.095,0.00011468
21.1,-0.0011498
21.105,-0.0027566
21.11,-0.0048841
21.115,-0.007528
21.12,-0.010312
21.125,-0.01279
21.13,-0.014708
21.135,-0.016009
21.14,-0.016671
21.145,-0.016633
21.15,-0.015966
21.155,-0.014793
21.16,-0.013171
21.165,-0.01107
21.17,-0.0082567
21.175,-0.0045367
21.18,-7.9001e-05
21.185,0.0045118
21.19,0.0083517
21.195,0.010733
21.2,0.011445
21.205,0.010839
21.21,0.0095735
21.215,0.0080454
21.22,0.0061754
21.225,0.003722
21.23,0.00068546
21.235,-0.0025473
21.24,-0.0053671
21.245,-0.0072708
21.25,-0.0081119
21.255,-0.0081966
21.26,-0.0080078
21.265,-0.0077407
21.27,-0.00725
21.275,-0.0062295
21.28,-0.0045153
21.285,-0.0022937
21.29,9.9206e-05
21.295,0.0023974
21.3,0.0045516
21.305,0.0067152
21.31,0.0089591
21.315,0.011085
21.32,0.012682
21.325,0.013301
21.33,0.01266
21.335,0.010767
21.34,0.0078719
21.345,0.0043017
21.35,0.00032169
21.355,-0.0037313
21.36,-0.0073003
21.365,-0.009674
21.37,-0.01005
21.375,-0.0078895
21.38,-0.0033306
21.385,0.0029064
21.39,0.0098379
21.395,0.016515
21.4,0.022169
21.405,0.026216
21.41,0.028302
21.415,0.028304
21.42,0.026311
21.425,0.022609
21.43,0.017655
21.435,0.012103
21.44,0.0067588
21.445,0.0024625
21.45,-9.2033e-05
21.455,-0.00059592
21.46,0.00074524
21.465,0.0033256
21.47,0.0064124
21.475,0.0094078
21.48,0.011935
21.485,0.013881
21.49,0.01538
21.495,0.016562
21.5,0.017406
21.505,0.017759
21.51,0.017377
21.515,0.016096
21.52,0.013981
21.525,0.01143
21.53,0.0089951
21.535,0.0070624
21.54,0.0057934
21.545,0.0052193
21.55,0.0052888
21.555,0.0058054
21.56,0.0064251
21.565,0.0068423
21.57,0.0069502
21.575,0.0068526
21.58,0.0067118
21.585,0.0065319
21.59,0.0061056
21.595,0.0052156
21.6,0.0039095
21.605,0.0025655
21.61,0.0016351
21.615,0.0012579
21.62,0.0011272
21.625,0.00073591
21.63,-0.00020227
21.635,-0.001569
21.64,-0.0030345
21.645,-0.0043433
21.65,-0.0055174
21.655,-0.0068021
21.66,-0.0083089
21.665,-0.009753
21.67,-0.010519
21.675,-0.010107
21.68,-0.0086542
21.685,-0.0068565
21.69,-0.005489
21.695,-0.0050381
21.7,-0.0055448
21.705,-0.0067416
21.71,-0.008387
21.715,-0.010588
21.72,-0.013697
21.725,-0.01778
21.73,-0.022342
21.735,-0.026548
21.74,-0.029659
21.745,-0.0313
21.75,-0.031354
21.755,-0.029891
21.76,-0.027285
21.765,-0.024271
21.77,-0.021747
21.775,-0.020291
21.78,-0.019981
21.785,-0.020621
21.79,-0.021815
21.795,-0.023158
21.8,-0.024515
21.805,-0.026023
21.81,-0.027875
21.815,-0.029967
21.82,-0.031837
21.825,-0.032882
21.83,-0.032497
21.835,-0.030295
21.84,-0.026395
21.845,-0.021538
21.85,-0.016804
21.855,-0.013115
21.86,-0.010905
21.865,-0.01008
21.87,-0.010203
21.875,-0.010664
21.88,-0.010943
21.885,-0.010876
21.89,-0.010485
21.895,-0.00967
21.9,-0.0082054
21.905,-0.0059959
21.91,-0.0030953
21.915,0.00036761
21.92,0.003977
21.925,0.0070005
21.93,0.0087333
21.935,0.0088384
21.94,0.0075553
21.945,0.0056116
21.95,0.0038341
21.955,0.0027899
21.96,0.0026188
21.965,0.0032129
21.97,0.0045294
21.975,0.0065451
21.98,0.0090079
21.985,0.011324
21.99,0.012698
21.995,0.012439
22,0.010226
22.005,0.0062523
22.01,0.001233
22.015,-0.003762
22.02,-0.007606
22.025,-0.0094766
22.03,-0.0091444
22.035,-0.0069538
22.04,-0.0035691
22.045,0.00018763
22.05,0.0035628
22.055,0.0060912
22.06,0.0075816
22.065,0.0080718
22.07,0.0077944
22.075,0.0071894
22.08,0.0068233
22.085,0.0071195
22.09,0.0082049
22.095,0.0098879
22.1,0.011792
22.105,0.013619
22.11,0.015276
22.115,0.016806
22.12,0.018189
22.125,0.019197
22.13,0.019484
22.135,0.018747
22.14,0.017008
22.145,0.014744
22.15,0.012621
22.155,0.011185
22.16,0.010665
22.165,0.010984
22.17,0.011932
22.175,0.013307
22.18,0.014992
22.185,0.016929
22.19,0.019072
22.195,0.021295
22.2,0.023231
22.205,0.024321
22.21,0.023957
22.215,0.021673
22.22,0.017486
22.225,0.0121
22.23,0.0066472
22.235,0.0021926
22.24,-0.0006543
22.245,-0.0017137
22.25,-0.0010563
22.255,0.001012
22.26,0.0040224
22.265,0.0074537
22.27,0.010857
22.275,0.013967
22.28,0.016625
22.285,0.018646
22.29,0.019769
22.295,0.019812
22.3,0.018822
22.305,0.017081
22.31,0.015017
22.315,0.012992
22.32,0.011142
22.325,0.0094114
22.33,0.007808
22.335,0.0064813
22.34,0.0055504
22.345,0.0051634
22.35,0.0054565
22.355,0.0064259
22.36,0.0079884
22.365,0.0099961
22.37,0.012195
22.375,0.01427
22.38,0.016034
22.385,0.017468
22.39,0.018546
22.395,0.019179
22.4,0.019161
22.405,0.018273
22.41,0.016599
22.415,0.01455
22.42,0.012517
22.425,0.010628
22.43,0.0087494
22.435,0.0067001
22.44,0.0045795
22.445,0.0028035
22.45,0.0019036
22.455,0.0023348
22.46,0.0042119
22.465,0.0070762
22.47,0.0099052
22.475,0.01145
22.48,0.010811
22.485,0.0079461
22.49,0.0036735
22.495,-0.00089606
22.5,-0.0048566
22.505,-0.0076153
22.51,-0.0089106
22.515,-0.0087367
22.52,-0.0073083
22.525,-0.0050903
22.53,-0.0027146
22.535,-0.00089735
22.54,-7.7849e-05
22.545,-9.3727e-05
22.55,-0.00044688
22.555,-0.0007621
22.56,-0.0011891
22.565,-0.0022723
22.57,-0.0042665
22.575,-0.0068218
22.58,-0.0091983
22.585,-0.010704
22.59,-0.011017
22.595,-0.010216
22.6,-0.0087461
22.605,-0.0072646
22.61,-0.0062664
22.615,-0.0059171
22.62,-0.0060895
22.625,-0.0063914
22.63,-0.006359
22.635,-0.0056896
22.64,-0.0045189
22.645,-0.0034791
22.65,-0.0031561
22.655,-0.0036815
22.66,-0.0047138
22.665,-0.005644
22.67,-0.0060709
22.675,-0.0060751
22.68,-0.0061162
22.685,-0.0066574
22.69,-0.0078939
22.695,-0.0098443
22.7,-0.012403
22.705,-0.015264
22.71,-0.017878
22.715,-0.019613
22.72,-0.020073
22.725,-0.019193
22.73,-0.017221
22.735,-0.014658
22.74,-0.011932
22.745,-0.0092525
22.75,-0.006673
22.755,-0.0041787
22.76,-0.0019291
22.765,-0.00024858
22.77,0.00060524
22.775,0.0005543
22.78,-0.00038091
22.785,-0.0021457
22.79,-0.0045356
22.795,-0.0072448
22.8,-0.0098706
22.805,-0.011913
22.81,-0.013073
22.815,-0.013378
22.82,-0.013086
22.825,-0.012426
22.83,-0.011443
22.835,-0.010174
22.84,-0.008704
22.845,-0.0071064
22.85,-0.005542
22.855,-0.0043308
22.86,-0.0038135
22.865,-0.0041246
22.87,-0.0051606
22.875,-0.0067442
22.88,-0.0086398
22.885,-0.010389
22.89,-0.011516
22.895,-0.011919
22.9,-0.011864
22.905,-0.011699
22.91,-0.011516
22.915,-0.011167
22.92,-0.010457
22.925,-0.0091831
22.93,-0.0073239
22.935,-0.0053051
22.94,-0.0038801
22.945,-0.0037114
22.95,-0.0050388
22.955,-0.0075892
22.96,-0.01077
22.965,-0.01393
22.97,-0.016479
22.975,-0.017946
22.98,-0.018015
22.985,-0.016708
22.99,-0.014435
22.995,-0.011761
23,-0.0092748
23.005,-0.0073675
23.01,-0.0061316
23.015,-0.0055249
23.02,-0.0055208
23.025,-0.0061663
23.03,-0.0074719
23.035,-0.0092476
23.04,-0.01098
23.045,-0.012008
23.05,-0.011894
23.055,-0.010594
23.06,-0.0084697
23.065,-0.0060861
23.07,-0.0038645
23.075,-0.0019431
23.08,-0.00033778
23.085,0.00086888
23.09,0.001582
23.095,0.0016725
23.1,0.00099272
23.105,-0.00037907
23.11,-0.0019119
23.115,-0.0027294
23.12,-0.0021964
23.125,-0.00026203
23.13,0.0025902
23.135,0.0054874
23.14,0.0076734
23.145,0.0088927
23.15,0.0093245
23.155,0.0092525
23.16,0.0086461
23.165,0.0072063
23.17,0.0048515
23.175,0.0020402
23.18,-0.00041113
23.185,-0.0017557
23.19,-0.0016589
23.195,-0.00032043
23.2,0.0017398
23.205,0.0038552
23.21,0.005345
23.215,0.0058049
23.22,0.0052223
23.225,0.0039774
23.23,0.0027601
23.235,0.0022104
23.24,0.0024614
23.245,0.0029595
23.25,0.0028898
23.255,0.0018603
23.26,0.00017557
23.265,-0.0013585
23.27,-0.0019944
23.275,-0.0016188
23.28,-0.00077632
23.285,-0.00025823
23.29,-0.00049482
23.295,-0.0011662
23.3,-0.0015383
23.305,-0.00096726
23.31,0.00082942
23.315,0.0035995
23.32,0.0067211
23.325,0.0096641
23.33,0.012139
23.335,0.013777
23.34,0.01415
23.345,0.013165
23.35,0.01112
23.355,0.0085439
23.36,0.00608
23.365,0.0042163
23.37,0.0029674
23.375,0.0019142
23.38,0.00061502
23.385,-0.0010839
23.39,-0.0029192
23.395,-0.0043237
23.4,-0.0047027
23.405,-0.0037326
23.41,-0.0016887
23.415,0.00067989
23.42,0.0026939
23.425,0.0040242
23.43,0.0045798
23.435,0.0043241
23.44,0.0032848
23.445,0.0016063
23.45,-0.00051102
23.455,-0.0028181
23.46,-0.0049462
23.465,-0.0064779
23.47,-0.0071134
23.475,-0.0066218
23.48,-0.0047561
23.485,-0.0015042
23.49,0.0026214
23.495,0.0067985
23.5,0.0103
23.505,0.012624
23.51,0.013556
23.515,0.013201
23.52,0.011978
23.525,0.010412
23.53,0.0087167
23.535,0.0068368
23.54,0.0048324
23.545,0.0030093
23.55,0.0016923
23.555,0.0010322
23.56,0.0011164
23.565,0.001875
23.57,0.0029834
23.575,0.0041953
23.58,0.0055472
23.585,0.0070927
23.59,0.0085165
23.595,0.009227
23.6,0.0088406
23.605,0.0074158
23.61,0.0052746
23.615,0.0027533
23.62,0.00016968
23.625,-0.0021621
23.63,-0.0039422
23.635,-0.0049502
23.64,-0.0051376
23.645,-0.0045477
23.65,-0.0033527
23.655,-0.0019513
23.66,-0.00080785
23.665,-0.00025101
23.67,-0.00035892
23.675,-0.0009378
23.68,-0.0016499
23.685,-0.0023171
23.69,-0.0031005
23.695,-0.0042527
23.7,-0.0057566
23.705,-0.0071622
23.71,-0.0077574
23.715,-0.0070346
23.72,-0.0049733
23.725,-0.0019518
23.73,0.0014381
23.735,0.0045645
23.74,0.0069218
23.745,0.0082281
23.75,0.0083818
23.755,0.0074064
23.76,0.0054985
23.765,0.0029758
23.77,0.00023031
23.775,-0.0022333
23.78,-0.003827
23.785,-0.0040219
23.79,-0.0028413
23.795,-0.001143
23.8,-5.4684e-05
23.805,-0.00025827
23.81,-0.0016759
23.815,-0.0035727
23.82,-0.0049954
23.825,-0.0052469
23.83,-0.0041464
23.835,-0.0020292
23.84,0.00048631
23.845,0.0028959
23.85,0.0050034
23.855,0.0068482
23.86,0.0085113
23.865,0.009815
23.87,0.010299
23.875,0.0095285
23.88,0.0075222
23.885,0.0049657
23.89,0.0027466
23.895,0.0013536
23.9,0.00084766
23.905,0.0011884
23.91,0.0023266
23.915,0.0039932
23.92,0.0057745
23.925,0.0074146
23.93,0.0089183
23.935,0.010443
23.94,0.01208
23.945,0.013825
23.95,0.015672
23.955,0.017509
23.96,0.019043
23.965,0.020056
23.97,0.020617
23.975,0.02099
23.98,0.021432
23.985,0.021968
23.99,0.022281
23.995,0.021869
24,0.020441
24.005,0.018264
24.01,0.016013
24.015,0.014332
24.02,0.013475
24.025,0.013287
24.03,0.013566
24.035,0.014241
24.04,0.015325
24.045,0.016785
24.05,0.0184
24.055,0.019759
24.06,0.02046
24.065,0.020321
24.07,0.01935
24.075,0.017625
24.08,0.015336
24.085,0.012805
24.09,0.010418
24.095,0.0085009
24.1,0.0072133
24.105,0.0065373
24.11,0.0062725
24.115,0.0060318
24.12,0.0053005
24.125,0.0037044
24.13,0.0013318
24.135,-0.0013063
24.14,-0.0036192
24.145,-0.0052562
24.15,-0.0062496
24.155,-0.0069335
24.16,-0.0076287
24.165,-0.0082968
24.17,-0.0085376
24.175,-0.0079901
24.18,-0.0067676
24.185,-0.0055602
24.19,-0.0052719
24.195,-0.0064709
24.2,-0.0091168
24.205,-0.012689
24.21,-0.016545
24.215,-0.02012
24.22,-0.022817
24.225,-0.024062
24.23,-0.023604
24.235,-0.021705
24.24,-0.019068
24.245,-0.016495
24.25,-0.014564
24.255,-0.013512
24.26,-0.013264
24.265,-0.013594
24.27,-0.014256
24.275,-0.014997
24.28,-0.015612
24.285,-0.015983
24.29,-0.016045
24.295,-0.01569
24.3,-0.014774
24.305,-0.013245
24.31,-0.011258
24.315,-0.0091745
24.32,-0.0073888
24.325,-0.0061746
24.33,-0.0057164
24.335,-0.0060859
24.34,-0.0071282
24.345,-0.0084794
24.35,-0.0097352
24.355,-0.010679
24.36,-0.011393
24.365,-0.012101
24.37,-0.012888
24.375,-0.013645
24.38,-0.014284
24.385,-0.014894
24.39,-0.015644
24.395,-0.016551
24.4,-0.017316
24.405,-0.017496
24.41,-0.016907
24.415,-0.015843
24.42,-0.014893
24.425,-0.014462
24.43,-0.014475
24.435,-0.014568
24.44,-0.014355
24.445,-0.013608
24.45,-0.012382
24.455,-0.010947
24.46,-0.0095151
24.465,-0.0080621
24.47,-0.0064532
24.475,-0.0046311
24.48,-0.0026813
24.485,-0.00083422
24.49,0.00065019
24.495,0.0016093
24.5,0.0019956
24.505,0.0018216
24.51,0.0011196
24.515,-6.2416e-06
24.52,-0.0013459
24.525,-0.0026077
24.53,-0.0034694
24.535,-0.0036811
24.54,-0.0031587
24.545,-0.0020435
24.55,-0.00058643
24.555,0.0011428
24.56,0.0032937
24.565,0.0059624
24.57,0.0089917
24.575,0.011957
24.58,0.014276
24.585,0.015435
24.59,0.015247
24.595,0.013976
24.6,0.012187
24.605,0.010438
24.61,0.0090612
24.615,0.0081032
24.62,0.0074198
24.625,0.0068538
24.63,0.006373
24.635,0.0060341
24.64,0.0058515
24.645,0.0057749
24.65,0.0057537
24.655,0.0057562
24.66,0.0057358
24.665,0.0056482
24.67,0.0055218
24.675,0.0054318
24.68,0.0054439
24.685,0.0056569
24.69,0.0062026
24.695,0.007156
24.7,0.0085172
24.705,0.010211
24.71,0.01204
24.715,0.013713
24.72,0.014955
24.725,0.015592
24.73,0.015556
24.735,0.014813
24.74,0.013331
24.745,0.011118
24.75,0.0082957
24.755,0.0051536
24.76,0.0021086
24.765,-0.00039704
24.77,-0.0021005
24.775,-0.0030446
24.78,-0.0034945
24.785,-0.0037968
24.79,-0.0042456
24.795,-0.004959
24.8,-0.005805
24.805,-0.0064781
24.81,-0.0067541
24.815,-0.0066535
24.82,-0.0063866
24.825,-0.0062449
24.83,-0.0064805
24.835,-0.0071541
24.84,-0.0081015
24.845,-0.0090914
24.85,-0.0099821
24.855,-0.010744
24.86,-0.01138
24.865,-0.011827
24.87,-0.01202
24.875,-0.012005
24.88,-0.011888
24.885,-0.011746
24.89,-0.011613
24.895,-0.011447
24.9,-0.01117
24.905,-0.010789
24.91,-0.010395
24.915,-0.01002
24.92,-0.0095801
24.925,-0.0089519
24.93,-0.008054
24.935,-0.0068663
24.94,-0.0053977
24.945,-0.0036821
24.95,-0.0018424
24.955,-0.00014303
24.96,0.0010567
24.965,0.001437
24.97,0.00090361
24.975,-0.00027469
24.98,-0.0015581
24.985,-0.0024217
24.99,-0.002569
24.995,-0.0019485
25,-0.00069067
25.005,0.00096899
25.01,0.0028638
25.015,0.0050474
25.02,0.0077224
25.025,0.010982
25.03,0.014573
25.035,0.017916
25.04,0.020405
25.045,0.021744
25.05,0.022066
25.055,0.021741
25.06,0.021048
25.065,0.020009
25.07,0.018467
25.075,0.016249
25.08,0.01333
25.085,0.0099252
25.09,0.0064425
25.095,0.0033975
25.1,0.0013017
25.105,0.00053747
25.11,0.0012633
25.115,0.0033205
25.12,0.0062321
25.125,0.0093886
25.13,0.01229
25.135,0.014621
25.14,0.016171
25.145,0.016791
25.15,0.016375
25.155,0.014858
25.16,0.012306
25.165,0.0089817
25.17,0.005298
25.175,0.00174
25.18,-0.0012771
25.185,-0.0035415
25.19,-0.0050558
25.195,-0.0059326
25.2,-0.0062725
25.205,-0.0061498
25.21,-0.0056941
25.215,-0.0050991
25.22,-0.0044902
25.225,-0.0038394
25.23,-0.003068
25.235,-0.0021838
25.24,-0.0013225
25.245,-0.00074828
25.25,-0.0007795
25.255,-0.0015936
25.26,-0.0030934
25.265,-0.0049667
25.27,-0.0068509
25.275,-0.0084584
25.28,-0.0096394
25.285,-0.010429
25.29,-0.010978
25.295,-0.011375
25.3,-0.011591
25.305,-0.011581
25.31,-0.011352
25.315,-0.010921
25.32,-0.010308
25.325,-0.009571
25.33,-0.008802
25.335,-0.008059
25.34,-0.0073769
25.345,-0.006869
25.35,-0.0067203
25.355,-0.0070283
25.36,-0.0077179
25.365,-0.0086142
25.37,-0.0095615
25.375,-0.010466
25.38,-0.011248
25.385,-0.011776
25.39,-0.01188
25.395,-0.011467
25.4,-0.010591
25.405,-0.0094135
25.41,-0.0081141
25.415,-0.0068122
25.42,-0.0056053
25.425,-0.0046093
25.43,-0.0039638
25.435,-0.0037923
25.44,-0.0041103
25.445,-0.0047852
25.45,-0.0055391
25.455,-0.0060018
25.46,-0.0058309
25.465,-0.0048564
25.47,-0.0031886
25.475,-0.0011777
25.48,0.00076329
25.485,0.0023578
25.49,0.0035524
25.495,0.0044499
25.5,0.0052396
25.505,0.0061158
25.51,0.0071186
25.515,0.0080655
25.52,0.0086492
25.525,0.0086322
25.53,0.0080244
25.535,0.007046
25.54,0.0059221
25.545,0.0047315
25.55,0.0034433
25.555,0.0021101
25.56,0.00093967
25.565,0.00015604
25.57,-0.00010667
25.575,0.00021665
25.58,0.0011651
25.585,0.0027185
25.59,0.004698
25.595,0.0066813
25.6,0.0080458
25.605,0.0082308
25.61,0.0070236
25.615,0.0046427
25.62,0.0016356
25.625,-0.0013804
25.63,-0.0039586
25.635,-0.005864
25.64,-0.0070254
25.645,-0.0074554
25.65,-0.0071456
25.655,-0.0060988
25.66,-0.004484
25.665,-0.0026203
25.67,-0.00074626
25.675,0.0010744
25.68,0.0028091
25.685,0.0043414
25.69,0.0054991
25.695,0.0061206
25.7,0.0060815
25.705,0.005368
25.71,0.0041813
25.715,0.002895
25.72,0.001887
25.725,0.0013873
25.73,0.001422
25.735,0.0018555
25.74,0.0024568
25.745,0.0029687
25.75,0.0031751
25.755,0.0029851
25.76,0.0024853
25.765,0.001836
25.77,0.0011552
25.775,0.00050236
25.78,-0.00016156
25.785,-0.00098403
25.79,-0.0021381
25.795,-0.003681
25.8,-0.0054053
25.805,-0.0068813
25.81,-0.0076749
25.815,-0.0075238
25.82,-0.0064587
25.825,-0.0047938
25.83,-0.0028847
25.835,-0.00089253
25.84,0.0012036
25.845,0.0034433
25.85,0.0057321
25.855,0.0077912
25.86,0.0092726
25.865,0.0099228
25.87,0.0096994
25.875,0.0088176
25.88,0.0076158
25.885,0.0063311
25.89,0.0049938
25.895,0.0034589
25.9,0.0015221
25.905,-0.000932
25.91,-0.0037923
25.915,-0.0066662
25.92,-0.009
25.925,-0.010308
25.93,-0.010365
25.935,-0.0092463
25.94,-0.007244
25.945,-0.0047758
25.95,-0.0023309
25.955,-0.00034251
25.96,0.00092754
25.965,0.0013781
25.97,0.0010232
25.975,-1.6326e-05
25.98,-0.0015659
25.985,-0.0034933
25.99,-0.0056954
25.995,-0.0079748
26,-0.010002
26.005,-0.011418
26.01,-0.01196
26.015,-0.011554
26.02,-0.010335
26.025,-0.0085689
26.03,-0.0065509
26.035,-0.0045174
26.04,-0.002592
26.045,-0.00080939
26.05,0.00081536
26.055,0.0022353
26.06,0.0033922
26.065,0.0042725
26.07,0.0049337
26.075,0.005487
26.08,0.0060246
26.085,0.0065341
26.09,0.006878
26.095,0.0068554
26.1,0.006322
26.105,0.0053129
26.11,0.0040517
26.115,0.0028217
26.12,0.00187
26.125,0.0013876
26.13,0.0014619
26.135,0.0020743
26.14,0.0031773
26.145,0.0047017
26.15,0.0065543
26.155,0.0086981
26.16,0.011133
26.165,0.01374
26.17,0.01619
26.175,0.018036
26.18,0.018922
26.185,0.018772
26.19,0.017836
26.195,0.016544
26.2,0.015296
26.205,0.014339
26.21,0.013712
26.215,0.013316
26.22,0.013066
26.225,0.012944
26.23,0.012908
26.235,0.012849
26.24,0.012593
26.245,0.011928
26.25,0.010698
26.255,0.0089277
26.26,0.0068553
26.265,0.0047604
26.27,0.0028039
26.275,0.001047
26.28,-0.00046381
26.285,-0.0016714
26.29,-0.0025441
26.295,-0.0030745
26.3,-0.0032233
26.305,-0.0029503
26.31,-0.002348
26.315,-0.0017201
26.32,-0.0014703
26.325,-0.0018865
26.33,-0.0030192
26.335,-0.0046271
26.34,-0.0062149
26.345,-0.007283
26.35,-0.0075827
26.355,-0.0071635
26.36,-0.0062943
26.365,-0.0053381
26.37,-0.0045849
26.375,-0.0041498
26.38,-0.0040545
26.385,-0.0043757
26.39,-0.0052569
26.395,-0.006786
26.4,-0.0088691
26.405,-0.011194
26.41,-0.01332
26.415,-0.014836
26.42,-0.015468
26.425,-0.015123
26.43,-0.01393
26.435,-0.012219
26.44,-0.010405
26.445,-0.0088305
26.45,-0.0076325
26.455,-0.0067355
26.46,-0.0059974
26.465,-0.0053154
26.47,-0.0046281
26.475,-0.0039423
26.48,-0.003341
26.485,-0.0028908
26.49,-0.0025788
26.495,-0.0023656
26.5,-0.002212
26.505,-0.0020615
26.51,-0.0018962
26.515,-0.0017889
26.52,-0.0018885
26.525,-0.0023433
26.53,-0.0031733
26.535,-0.00422
26.54,-0.0052133
26.545,-0.0059039
26.55,-0.006203
26.555,-0.0061941
26.56,-0.0060265
26.565,-0.0058399
26.57,-0.005725
26.575,-0.0056865
26.58,-0.005668
26.585,-0.005626
26.59,-0.005553
26.595,-0.0054668
26.6,-0.0053909
26.605,-0.0052887
26.61,-0.0050328
26.615,-0.0044955
26.62,-0.0036813
26.625,-0.002728
26.63,-0.0017599
26.635,-0.00082828
26.64,1.6224e-05
26.645,0.00072391
26.65,0.0013066
26.655,0.001828
26.66,0.0023516
26.665,0.0028979
26.67,0.0034215
26.675,0.0038272
26.68,0.004019
26.685,0.0039216
26.69,0.0034754
26.695,0.0026577
26.7,0.0015322
26.705,0.00029453
26.71,-0.00076232
26.715,-0.001364
26.72,-0.0013395
26.725,-0.00066695
26.73,0.00052291
26.735,0.0019936
26.74,0.0034536
26.745,0.0046182
26.75,0.0052883
26.755,0.0054168
26.76,0.005108
26.765,0.0045196
26.77,0.0037731
26.775,0.0029628
26.78,0.0021756
26.785,0.0014758
26.79,0.00093336
26.795,0.00063667
26.8,0.00063449
26.805,0.00092782
26.81,0.0014955
26.815,0.0022905
26.82,0.0032384
26.825,0.0042376
26.83,0.0051977
26.835,0.0060928
26.84,0.0069323
26.845,0.0076887
26.85,0.0082691
26.855,0.0085369
26.86,0.0083664
26.865,0.0077245
26.87,0.0067231
26.875,0.0055897
26.88,0.0045948
26.885,0.0039637
26.89,0.003791
26.895,0.0040583
26.9,0.0047276
26.905,0.0057638
26.91,0.0070946
26.915,0.0085843
26.92,0.010036
26.925,0.011228
26.93,0.011976
26.935,0.012206
26.94,0.01198
26.945,0.011433
26.95,0.010693
26.955,0.0098527
26.96,0.0089921
26.965,0.0082044
26.97,0.0075573
26.975,0.0070345
26.98,0.0065292
26.985,0.0058796
26.99,0.0049287
26.995,0.0036083
27,0.00198
27.005,0.00022065
27.01,-0.0014047
27.015,-0.0026092
27.02,-0.0032056
27.025,-0.0032037
27.03,-0.002783
27.035,-0.0021816
27.04,-0.0015881
27.045,-0.0010812
27.05,-0.00066691
27.055,-0.00034043
27.06,-0.00010465
27.065,6.2813e-06
27.07,-5.5432e-05
27.075,-0.00025555
27.08,-0.00044949
27.085,-0.00048169
27.09,-0.00028939
27.095,7.6801e-05
27.1,0.00048233
27.105,0.00073408
27.11,0.00061875
27.115,-1.2226e-05
27.12,-0.0011446
27.125,-0.002575
27.13,-0.0040188
27.135,-0.0052565
27.14,-0.0061682
27.145,-0.0067013
27.15,-0.006848
27.155,-0.0066084
27.16,-0.0060039
27.165,-0.005167
27.17,-0.0043652
27.175,-0.0039002
27.18,-0.003973
27.185,-0.0045895
27.19,-0.005572
27.195,-0.0066537
27.2,-0.007574
27.205,-0.0081567
27.21,-0.0083256
27.215,-0.0080591
27.22,-0.0073503
27.225,-0.0061918
27.23,-0.0045915
27.235,-0.0026063
27.24,-0.00038247
27.245,0.0018281
27.25,0.0037309
27.255,0.0050969
27.26,0.0058168
27.265,0.0058932
27.27,0.0054325
27.275,0.0046337
27.28,0.0037193
27.285,0.0028357
27.29,0.002042
27.295,0.0014164
27.3,0.0011125
27.305,0.0012779
27.31,0.001928
27.315,0.0028614
27.32,0.0037115
27.325,0.0041603
27.33,0.0041314
27.335,0.003785
27.34,0.0033489
27.345,0.0029821
27.35,0.0027742
27.355,0.0027734
27.36,0.0029554
27.365,0.0031844
27.37,0.0032766
27.375,0.0031409
27.38,0.0028466
27.385,0.0026013
27.39,0.002652
27.395,0.0031341
27.4,0.0040059
27.405,0.0051042
27.41,0.006256
27.415,0.0073619
27.42,0.0083903
27.425,0.0092961
27.43,0.0099371
27.435,0.0101
27.44,0.0096167
27.445,0.0084349
27.45,0.006626
27.455,0.0043904
27.46,0.0020423
27.465,-0.00011083
27.47,-0.001908
27.475,-0.0033396
27.48,-0.0044939
27.485,-0.0055201
27.49,-0.0065358
27.495,-0.0075299
27.5,-0.0083625
27.505,-0.0088497
27.51,-0.0088879
27.515,-0.0085172
27.52,-0.007873
27.525,-0.0071224
27.53,-0.0064177
27.535,-0.0058731
27.54,-0.0055781
27.545,-0.0055874
27.55,-0.0058788
27.555,-0.0063642
27.56,-0.0069416
27.565,-0.0074948
27.57,-0.0078997
27.575,-0.0080831
27.58,-0.0080236
27.585,-0.0077205
27.59,-0.0072042
27.595,-0.0065589
27.6,-0.0059155
27.605,-0.0054142
27.61,-0.0051533
27.615,-0.0051439
27.62,-0.0053067
27.625,-0.0055309
27.63,-0.0057586
27.635,-0.0060115
27.64,-0.0063288
27.645,-0.0067067
27.65,-0.0070818
27.655,-0.007351
27.66,-0.007445
27.665,-0.0073816
27.67,-0.0072414
27.675,-0.0071094
27.68,-0.0070261
27.685,-0.0069776
27.69,-0.0069128
27.695,-0.0067468
27.7,-0.0063799
27.705,-0.0057509
27.71,-0.0048615
27.715,-0.0037565
27.72,-0.0025055
27.725,-0.0011882
27.73,0.00011721
27.735,0.0013265
27.74,0.0023536
27.745,0.0031137
27.75,0.0035102
27.755,0.0034495
27.76,0.0028916
27.765,0.0019171
27.77,0.00075831
27.775,-0.00027907
27.78,-0.00096233
27.785,-0.0012156
27.79,-0.0010804
27.795,-0.00064573
27.8,-1.1311e-05
27.805,0.00074763
27.81,0.0015753
27.815,0.0023886
27.82,0.0030703
27.825,0.0035149
27.83,0.003675
27.835,0.0035617
27.84,0.0032024
27.845,0.0026095
27.85,0.0017964
27.855,0.0008245
27.86,-0.00018009
27.865,-0.001066
27.87,-0.001722
27.875,-0.00212
27.88,-0.0022917
27.885,-0.0022837
27.89,-0.0021584
27.895,-0.0020146
27.9,-0.0019989
27.905,-0.0022651
27.91,-0.0028872
27.915,-0.003821
27.92,-0.00494
27.925,-0.0061007
27.93,-0.0071926
27.935,-0.0081306
27.94,-0.0088151
27.945,-0.0091516
27.95,-0.0091306
27.955,-0.008854
27.96,-0.0084723
27.965,-0.0081122
27.97,-0.0078636
27.975,-0.0077956
27.98,-0.0079648
27.985,-0.0084174
27.99,-0.0091495
27.995,-0.010058
28,-0.010962
28.005,-0.011657
28.01,-0.011993
28.015,-0.01194
28.02,-0.011605
28.025,-0.0112
28.03,-0.010968
28.035,-0.011067
28.04,-0.011484
28.045,-0.012059
28.05,-0.012556
28.055,-0.012724
28.06,-0.012338
28.065,-0.011265
28.07,-0.0095346
28.075,-0.0073542
28.08,-0.005064
28.085,-0.0030387
28.09,-0.0015723
28.095,-0.00080089
28.1,-0.00069292
28.105,-0.001082
28.11,-0.0017212
28.115,-0.0023392
28.12,-0.0026788
28.125,-0.0025298
28.13,-0.0017704
28.135,-0.00042057
28.14,0.00134
28.145,0.0032186
28.15,0.0048767
28.155,0.0059959
28.16,0.0063379
28.165,0.0057734
28.17,0.0042888
28.175,0.0020083
28.18,-0.00077493
28.185,-0.0036193
28.19,-0.0060404
28.195,-0.0076375
28.2,-0.0081777
28.205,-0.0076512
28.21,-0.0062663
28.215,-0.0043427
28.22,-0.0021875
28.225,-2.4016e-05
28.23,0.0020292
28.235,0.0039117
28.24,0.0055227
28.245,0.006681
28.25,0.007176
28.255,0.0068625
28.26,0.005764
28.265,0.0041283
28.27,0.0023624
28.275,0.00086568
28.28,-0.00010448
28.285,-0.00045859
28.29,-0.00025003
28.295,0.00038228
28.3,0.0012864
28.305,0.0023245
28.31,0.0033779
28.315,0.0043776
28.32,0.0053331
28.325,0.0062973
28.33,0.0072698
28.335,0.0081591
28.34,0.0088529
28.345,0.0092994
28.35,0.0095439
28.355,0.0096925
28.36,0.00981
28.365,0.0098615
28.37,0.0097619
28.375,0.0094761
28.38,0.0090653
28.385,0.0086412
28.39,0.0083099
28.395,0.0081651
28.4,0.0082843
28.405,0.0086889
28.41,0.0093585
28.415,0.010274
28.42,0.011328
28.425,0.012292
28.43,0.01301
28.435,0.013467
28.44,0.013679
28.445,0.013669
28.45,0.013523
28.455,0.01337
28.46,0.013277
28.465,0.013205
28.47,0.013048
28.475,0.012738
28.48,0.012252
28.485,0.011609
28.49,0.010911
28.495,0.010271
28.5,0.0096807
28.505,0.0097973
28.51,0.0098427
28.515,0.0091456
28.52,0.0085488
28.525,0.0081024
28.53,0.0078082
28.535,0.0075589
28.54,0.0072125
28.545,0.0067381
28.55,0.0062326
28.555,0.0058932
28.56,0.0059126
28.565,0.0063246
28.57,0.0069867
28.575,0.0076854
28.58,0.0082751
28.585,0.0087081
28.59,0.0089771
28.595,0.0091245
28.6,0.0092034
28.605,0.0092089
28.61,0.0091101
28.615,0.0088904
28.62,0.0085614
28.625,0.0081345
28.63,0.0076282
28.635,0.0071197
28.64,0.0067035
28.645,0.0064318
28.65,0.0062984
28.655,0.006243
28.66,0.0061655
28.665,0.0059241
28.67,0.0053827
28.675,0.0045057
28.68,0.0033997
28.685,0.002267
28.69,0.0013203
28.695,0.0007086
28.7,0.00046827
28.705,0.00055238
28.71,0.00091229
28.715,0.0015282
28.72,0.0023975
28.725,0.0034792
28.73,0.0046159
28.735,0.0055765
28.74,0.0061746
28.745,0.0063183
28.75,0.0060214
28.755,0.005385
28.76,0.0045389
28.765,0.0036026
28.77,0.0026797
28.775,0.00186
28.78,0.0012135
28.785,0.00077436
28.79,0.00053572
28.795,0.00047492
28.8,0.00058929
28.805,0.00089431
28.81,0.0013839
28.815,0.0019922
28.82,0.0025877
28.825,0.0030091
28.83,0.0031316
28.835,0.0029189
28.84,0.002421
28.845,0.0017386
28.85,0.0010008
28.855,0.00032226
28.86,-0.00024895
28.865,-0.00073089
28.87,-0.0011736
28.875,-0.0016242
28.88,-0.0020972
28.885,-0.0025743
28.89,-0.003034
28.895,-0.0034761
28.9,-0.0039174
28.905,-0.0043745
28.91,-0.0048618
28.915,-0.0053845
28.92,-0.0059172
28.925,-0.0064072
28.93,-0.0067981
28.935,-0.0070573
28.94,-0.007196
28.945,-0.0072698
28.95,-0.0073466
28.955,-0.0074576
28.96,-0.0075803
28.965,-0.0076678
28.97,-0.0076875
28.975,-0.0076318
28.98,-0.007508
28.985,-0.0073346
28.99,-0.0071436
28.995,-0.0069796
29,-0.0068987
29.005,-0.0069581
29.01,-0.0071877
29.015,-0.0075734
29.02,-0.0080673
29.025,-0.0085992
29.03,-0.0090806
29.035,-0.0094154
29.04,-0.0095208
29.045,-0.0093544
29.05,-0.0089371
29.055,-0.0083427
29.06,-0.0076593
29.065,-0.0069601
29.07,-0.0062945
29.075,-0.0056973
29.08,-0.0052087
29.085,-0.0048792
29.09,-0.004746
29.095,-0.0048036
29.1,-0.0049949
29.105,-0.0052263
29.11,-0.0053967
29.115,-0.0054277
29.12,-0.0052847
29.125,-0.0049802
29.13,-0.0045614
29.135,-0.004086
29.14,-0.0036027
29.145,-0.003148
29.15,-0.0027521
29.155,-0.0024375
29.16,-0.0022142
29.165,-0.0020785
29.17,-0.0020134
29.175,-0.0019916
29.18,-0.0019848
29.185,-0.0019732
29.19,-0.0019496
29.195,-0.0019175
29.2,-0.0018846
29.205,-0.0018534
29.21,-0.0018155
29.215,-0.0017604
29.22,-0.0016875
29.225,-0.0016045
29.23,-0.0015192
29.235,-0.0014354
29.24,-0.0013531
29.245,-0.0012699
29.25,-0.0011802
29.255,-0.0010753
29.26,-0.00095141
29.265,-0.00081503
29.27,-0.00068039
29.275,-0.00056214
29.28,-0.00046446
29.285,-0.00037994
29.29,-0.00029963
29.295,-0.00021982
29.3,-0.00014293
29.305,-7.3884e-05
29.31,-1.4936e-05
29.315,3.4633e-05
29.32,7.8028e-05
29.325,0.00012181
29.33,0.00017244
29.335,0.00023231
29.34,0.00030028
29.345,0.00037362
29.35,0.00044831
29.355,0.00051802
29.36,0.00057542
29.365,0.00061572
29.37,0.00063885
29.375,0.0006485
29.38,0.00064915
29.385,0.00064469
29.39,0.00063869
29.395,0.00063385
29.4,0.00063131
29.405,0.00063021
29.41,0.00062815
29.415,0.00062343
29.42,0.00061599
29.425,0.00060675
29.43,0.00059694
29.435,0.00058748
29.44,0.0005787
29.445,0.00057078
29.45,0.00056421
29.455,0.00055959
29.46,0.0005569
29.465,0.00055555
29.47,0.00055512
29.475,0.00055534
29.48,0.00055579
29.485,0.00055551
29.49,0.00055245
29.495,0.00054365
29.5,0.00052645
29.505,0.00049978
29.51,0.00046458
29.515,0.00042366
29.52,0.00038092
29.525,0.00033998
29.53,0.00030336
29.535,0.00027222
29.54,0.00024599
29.545,0.00022283
29.55,0.000201
29.555,0.0001799
29.56,0.00016003
29.565,0.00014209
29.57,0.00012599
29.575,0.00011098
29.58,9.6454e-05
29.585,8.2548e-05
29.59,6.9963e-05
29.595,5.9379e-05
29.6,5.1048e-05
29.605,4.4866e-05
29.61,4.0552e-05
29.615,3.7672e-05
29.62,3.5573e-05
29.625,3.3428e-05
29.63,3.0566e-05
29.635,2.685e-05
29.64,2.2671e-05
29.645,1.8632e-05
29.65,1.5206e-05
29.655,1.2523e-05
29.66,1.0383e-05
29.665,8.4577e-06
29.67,6.5219e-06
29.675,4.5739e-06
29.68,2.7768e-06
29.685,1.3119e-06
29.69,2.8542e-07
29.695,-3.3231e-07
29.7,-7.2171e-07
29.705,-1.1019e-06
29.71,-1.5984e-06
29.715,-2.2008e-06
29.72,-2.8053e-06
29.725,-3.2987e-06
29.73,-3.6361e-06
29.735,-3.84e-06
29.74,-3.9562e-06
29.745,-4.0316e-06
29.75,-4.0968e-06
29.755,-4.1519e-06
29.76,-4.157e-06
29.765,-4.052e-06
29.77,-3.7961e-06
29.775,-3.3843e-06
29.78,-2.8542e-06
29.785,-2.2681e-06
29.79,-1.6871e-06
29.795,-1.156e-06
29.8,-6.9725e-07
29.805,-3.1804e-07
29.81,-1.631e-08
29.815,2.2222e-07
29.82,4.159e-07
29.825,5.8512e-07
29.83,7.4822e-07
29.835,9.1437e-07
29.84,1.0907e-06
29.845,1.2752e-06
29.85,1.4638e-06
29.855,1.6483e-06
29.86,1.8226e-06
29.865,1.9827e-06
29.87,2.1274e-06
29.875,2.2599e-06
29.88,2.3812e-06
29.885,2.4975e-06
29.89,2.6096e-06
29.895,2.7197e-06
29.9,2.8308e-06
29.905,2.9409e-06
29.91,3.0499e-06
29.915,3.16e-06
29.92,3.2681e-06
29.925,3.3751e-06
29.93,3.4822e-06
29.935,3.5882e-06
29.94,3.6942e-06
29.945,3.7992e-06
29.95,3.9042e-06
29.955,4.0092e-06
29.96,4.1131e-06
29.965,4.2171e-06
29.97,4.3211e-06
29.975,4.4241e-06
29.98,4.527e-06
29.985,4.629e-06
29.99,4.7309e-06
29.995,4.8328e-06
